번호,설립,학교명,캠퍼스명,학급,학종,지역,조사연도,한달 기숙사비,,,,,,,,,,,,,,,
,,,,,,,,직영,,,,민자,,,,임차,,,,평균,,,
,,,,,,,,1인실,2인실,3인실,4인실 이상,1인실,2인실,3인실,4인실 이상,1인실,2인실,3인실,4인실 이상,1인실,2인실,3인실,4인실 이상
1,사립,가야대학교,김해캠퍼스,대학,일반대학,경남,2022,0.0,0.0,133.9,133.7,0.0,0.0,0.0,0.0,0.0,0.0,0.0,0.0,0.0,0.0,133.9,133.7
2,사립,가야대학교,고령캠퍼스,대학,일반대학,경북,2022,0.0,0.0,0.0,0.0,0.0,0.0,0.0,0.0,0.0,0.0,0.0,0.0,0.0,0.0,0.0,0.0
3,사립,가천대학교,강화캠퍼스,대학,일반대학,인천,2022,0.0,0.0,0.0,0.0,0.0,0.0,0.0,0.0,0.0,0.0,0.0,0.0,0.0,0.0,0.0,0.0
4,사립,가천대학교,메디컬캠퍼스,대학,일반대학,인천,2022,439.3,306.8,214.3,176.8,0.0,0.0,0.0,0.0,0.0,0.0,0.0,0.0,439.3,306.8,214.3,176.8
5,사립,가천대학교,성남글로벌캠퍼스,대학,일반대학,경기,2022,482.0,356.2,0.0,214.4,0.0,0.0,0.0,0.0,0.0,0.0,0.0,0.0,482.0,356.2,0.0,214.4
6,사립,가톨릭관동대학교,본교(강릉),대학,일반대학,강원,2022,0.0,155.2,149.2,170.6,0.0,0.0,0.0,0.0,0.0,0.0,0.0,0.0,0.0,155.2,149.2,170.6
7,사립,가톨릭관동대학교,제2캠퍼스(양양),대학,일반대학,강원,2022,0.0,0.0,0.0,0.0,0.0,0.0,0.0,0.0,0.0,0.0,0.0,0.0,0.0,0.0,0.0,0.0
8,사립,가톨릭꽃동네대학교,본교(충북청원),대학,일반대학,충북,2022,0.0,218.2,0.0,0.0,0.0,0.0,0.0,0.0,0.0,218.2,0.0,0.0,0.0,218.2,0.0,0.0
9,사립,가톨릭대학교,성신캠퍼스,대학,일반대학,서울,2022,0.0,0.0,0.0,0.0,0.0,0.0,0.0,0.0,0.0,0.0,0.0,0.0,0.0,0.0,0.0,0.0
10,사립,가톨릭대학교,성심캠퍼스,대학,일반대학,경기,2022,320.0,320.0,270.9,206.6,0.0,0.0,0.0,0.0,0.0,0.0,0.0,0.0,320.0,320.0,270.9,206.6
11,사립,가톨릭대학교,성의캠퍼스,대학,일반대학,서울,2022,0.0,228.7,159.1,0.0,0.0,0.0,0.0,0.0,0.0,0.0,0.0,0.0,0.0,228.7,159.1,0.0
12,사립,감리교신학대학교,본교(서울),대학,일반대학,서울,2022,0.0,172.6,0.0,0.0,0.0,0.0,0.0,0.0,0.0,0.0,0.0,0.0,0.0,172.6,0.0,0.0
13,사립,강남대학교,본교(경기),대학,일반대학,경기,2022,0.0,305.9,0.0,159.5,0.0,0.0,0.0,0.0,0.0,0.0,0.0,0.0,0.0,305.9,0.0,159.5
14,국립,강릉원주대학교,본교(강릉),대학,일반대학,강원,2022,230.5,184.6,0.0,0.0,295.9,222.7,0.0,0.0,0.0,0.0,0.0,0.0,293.1,216.3,0.0,0.0
15,국립,강릉원주대학교,제2캠퍼스(원주),대학,일반대학,강원,2022,163.1,170.8,0.0,0.0,247.4,247.4,0.0,0.0,0.0,0.0,0.0,0.0,219.3,207.5,0.0,0.0
16,국립,강원대학교,본교(춘천),대학,일반대학,강원,2022,186.4,152.0,120.3,471.4,160.5,159.4,0.0,0.0,0.0,0.0,0.0,0.0,161.6,157.8,120.3,471.4
17,국립,강원대학교,제2캠퍼스(삼척),대학,일반대학,강원,2022,0.0,211.1,197.9,195.2,0.0,0.0,0.0,0.0,234.9,234.9,0.0,0.0,234.9,222.7,197.9,195.2
18,사립,건국대학교,본교(서울),대학,일반대학,서울,2022,619.1,404.0,0.0,0.0,629.9,414.5,0.0,0.0,0.0,0.0,0.0,0.0,629.8,414.2,0.0,0.0
19,사립,건국대학교,분교(글로컬),대학,일반대학,충북,2022,0.0,253.6,203.2,152.9,0.0,313.0,260.9,0.0,0.0,0.0,0.0,0.0,0.0,307.1,245.5,152.9
20,사립,건양대학교,본교(논산),대학,일반대학,충남,2022,373.2,199.0,0.0,130.8,0.0,0.0,0.0,0.0,0.0,0.0,0.0,0.0,373.2,199.0,0.0,130.8
21,사립,건양대학교,제2캠퍼스(대전),대학,일반대학,대전,2022,359.0,210.3,151.3,0.0,0.0,0.0,0.0,0.0,0.0,0.0,0.0,0.0,359.0,210.3,151.3,0.0
22,사립,경기대학교,본교(수원),대학,일반대학,경기,2022,0.0,0.0,0.0,175.3,567.1,397.1,0.0,0.0,0.0,0.0,0.0,0.0,567.1,397.1,0.0,175.3
23,사립,경기대학교,제2캠퍼스(서울),대학,일반대학,서울,2022,0.0,0.0,0.0,0.0,0.0,0.0,0.0,0.0,0.0,0.0,0.0,0.0,0.0,0.0,0.0,0.0
24,사립,경남대학교,본교(마산),대학,일반대학,경남,2022,0.0,176.6,172.6,119.2,0.0,0.0,0.0,0.0,0.0,0.0,0.0,0.0,0.0,176.6,172.6,119.2
25,사립,경남대학교,산단캠퍼스,대학,일반대학,경남,2022,0.0,0.0,0.0,0.0,0.0,0.0,0.0,0.0,0.0,0.0,0.0,0.0,0.0,0.0,0.0,0.0
26,사립,경동대학교,설악제1캠퍼스,대학,일반대학,강원,2022,0.0,212.4,0.0,0.0,0.0,0.0,0.0,0.0,0.0,0.0,0.0,0.0,0.0,212.4,0.0,0.0
27,사립,경동대학교,문막캠퍼스,대학,일반대학,강원,2022,0.0,0.0,0.0,0.0,252.9,252.9,0.0,0.0,0.0,0.0,0.0,0.0,252.9,252.9,0.0,0.0
28,사립,경동대학교,속초캠퍼스,대학,일반대학,강원,2022,0.0,0.0,0.0,0.0,0.0,0.0,0.0,0.0,0.0,0.0,0.0,0.0,0.0,0.0,0.0,0.0
29,사립,경동대학교,양주캠퍼스,대학,일반대학,경기,2022,265.0,274.3,0.0,0.0,0.0,0.0,0.0,0.0,0.0,0.0,0.0,0.0,265.0,274.3,0.0,0.0
30,국립,경북대학교,제2캠퍼스(대구중구),대학,일반대학,대구,2022,0.0,0.0,0.0,0.0,267.0,157.1,0.0,0.0,0.0,0.0,0.0,0.0,267.0,157.1,0.0,0.0
31,국립,경북대학교,본교(대구북구),대학,일반대학,대구,2022,183.5,147.5,140.0,0.0,311.5,166.6,0.0,0.0,0.0,0.0,0.0,0.0,230.0,159.1,140.0,0.0
32,국립,경북대학교,제3캠퍼스(상주),대학,일반대학,경북,2022,208.5,148.6,0.0,103.2,0.0,0.0,0.0,0.0,0.0,0.0,0.0,0.0,208.5,148.6,0.0,103.2
33,국립,경상국립대학교,내동캠퍼스,대학,일반대학,경남,2022,0.0,0.0,0.0,0.0,0.0,0.0,0.0,0.0,0.0,0.0,0.0,0.0,0.0,0.0,0.0,0.0
34,국립,경상국립대학교,가좌캠퍼스(본교),대학,일반대학,경남,2022,0.0,144.9,0.0,0.0,250.0,158.6,0.0,0.0,0.0,0.0,0.0,0.0,250.0,155.1,0.0,0.0
35,국립,경상국립대학교,산단캠퍼스,대학,일반대학,경남,2022,0.0,0.0,0.0,0.0,0.0,0.0,0.0,0.0,0.0,0.0,0.0,0.0,0.0,0.0,0.0,0.0
36,국립,경상국립대학교,통영캠퍼스,대학,일반대학,경남,2022,94.7,125.2,80.4,62.6,0.0,0.0,0.0,0.0,0.0,0.0,0.0,0.0,94.7,125.2,80.4,62.6
37,국립,경상국립대학교,칠암캠퍼스,대학,일반대학,경남,2022,0.0,155.2,0.0,0.0,349.6,211.2,0.0,0.0,0.0,0.0,0.0,0.0,349.6,179.2,0.0,0.0
38,사립,경성대학교,본교,대학,일반대학,부산,2022,365.0,243.7,0.0,0.0,0.0,0.0,0.0,0.0,0.0,0.0,0.0,0.0,365.0,243.7,0.0,0.0
39,사립,경운대학교,산단캠퍼스,대학,일반대학,경북,2022,0.0,0.0,0.0,0.0,0.0,0.0,0.0,0.0,0.0,0.0,0.0,0.0,0.0,0.0,0.0,0.0
40,사립,경운대학교,본교(구미),대학,일반대학,경북,2022,0.0,186.3,159.6,137.7,0.0,0.0,0.0,0.0,0.0,0.0,0.0,0.0,0.0,186.3,159.6,137.7
41,사립,경일대학교,본교(경산),대학,일반대학,경북,2022,0.0,214.3,147.8,148.3,0.0,0.0,0.0,0.0,0.0,0.0,0.0,0.0,0.0,214.3,147.8,148.3
42,사립,경주대학교,본교(경주),대학,일반대학,경북,2022,0.0,185.8,0.0,0.0,0.0,0.0,0.0,0.0,0.0,0.0,0.0,0.0,0.0,185.8,0.0,0.0
43,사립,경희대학교,국제캠퍼스(수원),대학,일반대학,경기,2022,532.2,313.0,0.0,0.0,411.1,359.5,0.0,0.0,0.0,0.0,0.0,0.0,522.6,345.9,0.0,0.0
44,사립,경희대학교,본교(서울),대학,일반대학,서울,2022,570.5,268.1,0.0,0.0,285.0,225.0,0.0,0.0,48.9,228.7,48.9,0.0,348.7,238.5,48.9,0.0
45,사립,계명대학교,본교(성서),대학,일반대학,대구,2022,332.3,227.7,0.0,148.7,0.0,0.0,0.0,0.0,0.0,0.0,0.0,0.0,332.3,227.7,0.0,148.7
46,사립,계명대학교,제2캠퍼스(대명),대학,일반대학,대구,2022,0.0,0.0,0.0,0.0,0.0,0.0,0.0,0.0,0.0,0.0,0.0,0.0,0.0,0.0,0.0,0.0
47,사립,고려대학교,본교(서울),대학,일반대학,서울,2022,506.5,400.6,221.2,0.0,475.9,386.7,0.0,0.0,0.0,0.0,0.0,0.0,505.8,392.0,221.2,0.0
48,사립,고려대학교,분교(세종),대학,일반대학,세종,2022,480.3,303.3,216.9,211.8,0.0,0.0,0.0,0.0,0.0,0.0,0.0,0.0,480.3,303.3,216.9,211.8
49,사립,고신대학교,본교(영도),대학,일반대학,부산,2022,0.0,0.0,0.0,152.0,285.3,239.6,0.0,206.5,0.0,0.0,0.0,0.0,285.3,239.6,0.0,186.2
50,사립,고신대학교,천안캠퍼스,대학,일반대학,충남,2022,0.0,0.0,180.0,0.0,0.0,0.0,0.0,0.0,0.0,0.0,0.0,0.0,0.0,0.0,180.0,0.0
51,사립,고신대학교,송도캠퍼스,대학,일반대학,부산,2022,0.0,0.0,0.0,0.0,0.0,0.0,0.0,0.0,0.0,0.0,0.0,0.0,0.0,0.0,0.0,0.0
52,국립,공주대학교,본교(신관),대학,일반대학,충남,2022,189.6,175.8,0.0,0.0,197.1,197.1,0.0,0.0,0.0,0.0,0.0,0.0,192.6,185.3,0.0,0.0
53,국립,공주대학교,제3캠퍼스(예산),대학,일반대학,충남,2022,0.0,0.0,0.0,179.1,0.0,221.8,0.0,0.0,0.0,0.0,0.0,0.0,0.0,221.8,0.0,179.1
54,국립,공주대학교,제2캠퍼스(공주옥룡),대학,일반대학,충남,2022,0.0,0.0,0.0,0.0,0.0,0.0,0.0,0.0,0.0,0.0,0.0,0.0,0.0,0.0,0.0,0.0
55,국립,공주대학교,제4캠퍼스(천안),대학,일반대학,충남,2022,296.9,181.0,0.0,0.0,0.0,224.1,0.0,0.0,0.0,0.0,0.0,0.0,296.9,190.8,0.0,0.0
56,사립,광신대학교,본교(광주),대학,일반대학,광주,2022,0.0,0.0,0.0,0.0,0.0,0.0,0.0,0.0,0.0,0.0,0.0,0.0,0.0,0.0,0.0,0.0
57,사립,광운대학교,본교(서울노원),대학,일반대학,서울,2022,0.0,0.0,0.0,274.5,192.0,274.5,0.0,0.0,0.0,0.0,0.0,0.0,192.0,274.5,0.0,274.5
58,사립,광주가톨릭대학교,본교(나주),대학,일반대학,전남,2022,0.0,0.0,0.0,0.0,0.0,0.0,0.0,0.0,0.0,0.0,0.0,0.0,0.0,0.0,0.0,0.0
59,사립,광주대학교,본교(광주진월),대학,일반대학,광주,2022,0.0,0.0,0.0,113.9,0.0,0.0,0.0,0.0,0.0,0.0,0.0,0.0,0.0,0.0,0.0,113.9
60,사립,광주여자대학교,본교(광산),대학,일반대학,광주,2022,0.0,0.0,0.0,152.5,0.0,0.0,0.0,0.0,0.0,0.0,0.0,0.0,0.0,0.0,0.0,152.5
61,사립,국민대학교,본교(서울),대학,일반대학,서울,2022,224.4,235.1,204.3,200.5,0.0,0.0,0.0,0.0,484.2,303.3,0.0,0.0,475.3,274.2,204.3,200.5
62,국립,군산대학교,본교(군산),대학,일반대학,전북,2022,158.2,147.0,0.0,138.9,0.0,158.2,158.2,0.0,0.0,0.0,0.0,0.0,158.2,148.8,158.2,138.9
63,국립,군산대학교,산단캠퍼스,대학,일반대학,전북,2022,0.0,0.0,0.0,0.0,0.0,0.0,0.0,0.0,0.0,0.0,0.0,0.0,0.0,0.0,0.0,0.0
64,사립,극동대학교,본교(음성),대학,일반대학,충북,2022,428.6,249.7,0.0,194.4,0.0,0.0,0.0,0.0,0.0,0.0,0.0,0.0,428.6,249.7,0.0,194.4
65,사립,금강대학교,본교,대학,일반대학,충남,2022,0.0,141.7,0.0,0.0,0.0,0.0,0.0,0.0,0.0,0.0,0.0,0.0,0.0,141.7,0.0,0.0
66,국립,금오공과대학교,본교(경북구미),대학,일반대학,경북,2022,240.0,129.6,0.0,186.3,259.2,161.0,140.7,0.0,0.0,0.0,0.0,0.0,247.2,151.2,140.7,186.3
67,국립,금오공과대학교,산단캠퍼스,대학,일반대학,경북,2022,240.0,224.4,0.0,0.0,0.0,0.0,0.0,0.0,0.0,0.0,0.0,0.0,240.0,224.4,0.0,0.0
68,사립,김천대학교,본교,대학,일반대학,경북,2022,0.0,245.2,53.8,120.3,0.0,0.0,0.0,0.0,0.0,0.0,0.0,0.0,0.0,245.2,53.8,120.3
69,사립,나사렛대학교,본교(천안),대학,일반대학,충남,2022,328.1,217.0,0.0,187.6,348.7,219.8,0.0,0.0,0.0,0.0,0.0,0.0,334.0,219.2,0.0,187.6
70,사립,남부대학교,본교(광산),대학,일반대학,광주,2022,0.0,307.2,333.0,307.2,0.0,0.0,0.0,0.0,0.0,0.0,0.0,0.0,0.0,307.2,333.0,307.2
71,사립,남서울대학교,본교(충남천안),대학,일반대학,충남,2022,421.4,290.4,0.0,136.8,0.0,0.0,0.0,0.0,0.0,0.0,0.0,0.0,421.4,290.4,0.0,136.8
72,사립,단국대학교,본교(죽전),대학,일반대학,경기,2022,0.0,0.0,0.0,0.0,429.6,355.7,0.0,234.0,0.0,0.0,0.0,0.0,429.6,355.7,0.0,234.0
73,사립,단국대학교,캠퍼스(천안),대학,일반대학,충남,2022,0.0,0.0,0.0,234.0,429.6,355.7,0.0,234.0,0.0,0.0,0.0,0.0,429.6,355.7,0.0,234.0
74,사립,대구가톨릭대학교,본교(효성),대학,일반대학,경북,2022,342.3,227.3,0.0,208.7,0.0,0.0,0.0,0.0,0.0,0.0,0.0,0.0,342.3,227.3,0.0,208.7
75,사립,대구가톨릭대학교,제2캠퍼스(루가),대학,일반대학,대구,2022,372.9,245.3,0.0,0.0,0.0,0.0,0.0,0.0,0.0,0.0,0.0,0.0,372.9,245.3,0.0,0.0
76,사립,대구가톨릭대학교,제3캠퍼스(유스티노),대학,일반대학,대구,2022,0.0,0.0,0.0,0.0,0.0,0.0,0.0,0.0,0.0,0.0,0.0,0.0,0.0,0.0,0.0,0.0
77,사립,대구대학교,본교(경산),대학,일반대학,경북,2022,278.4,188.5,0.0,0.0,0.0,233.6,0.0,0.0,0.0,0.0,0.0,0.0,278.4,195.1,0.0,0.0
78,사립,대구대학교,제2캠퍼스(대명),대학,일반대학,경북,2022,0.0,0.0,0.0,0.0,0.0,0.0,0.0,0.0,0.0,0.0,0.0,0.0,0.0,0.0,0.0,0.0
79,사립,대구예술대학교,본교(칠곡),대학,일반대학,경북,2022,0.0,163.6,0.0,443.0,0.0,0.0,0.0,0.0,0.0,0.0,0.0,0.0,0.0,163.6,0.0,443.0
80,사립,대구한의대학교,삼성캠퍼스,대학,일반대학,경북,2022,279.4,186.3,0.0,0.0,254.8,254.8,0.0,0.0,0.0,0.0,207.2,207.2,277.6,242.3,207.2,207.2
81,사립,대구한의대학교,오성캠퍼스,대학,일반대학,경북,2022,0.0,0.0,0.0,0.0,0.0,0.0,0.0,0.0,0.0,0.0,0.0,0.0,0.0,0.0,0.0,0.0
82,사립,대신대학교,본교(경산),대학,일반대학,경북,2022,150.3,133.2,97.4,0.0,0.0,0.0,0.0,0.0,0.0,0.0,0.0,0.0,150.3,133.2,97.4,0.0
83,사립,대전가톨릭대학교,본교(연기),대학,일반대학,세종,2022,0.0,0.0,0.0,0.0,0.0,0.0,0.0,0.0,0.0,0.0,0.0,0.0,0.0,0.0,0.0,0.0
84,사립,대전대학교,본교(용운),대학,일반대학,대전,2022,362.7,218.2,132.3,117.6,0.0,0.0,0.0,0.0,0.0,0.0,0.0,0.0,362.7,218.2,132.3,117.6
85,사립,대전신학대학교,본교,대학,일반대학,대전,2022,0.0,176.5,0.0,0.0,0.0,0.0,0.0,0.0,0.0,0.0,0.0,0.0,0.0,176.5,0.0,0.0
86,사립,대진대학교,본교(포천),대학,일반대학,경기,2022,205.1,235.3,0.0,0.0,0.0,0.0,0.0,0.0,0.0,0.0,0.0,0.0,205.1,235.3,0.0,0.0
87,사립,덕성여자대학교,쌍문캠퍼스,대학,일반대학,서울,2022,343.2,264.0,0.0,238.8,0.0,0.0,0.0,0.0,0.0,0.0,0.0,0.0,343.2,264.0,0.0,238.8
88,사립,덕성여자대학교,종로캠퍼스,대학,일반대학,서울,2022,0.0,0.0,0.0,0.0,0.0,0.0,0.0,0.0,0.0,0.0,0.0,0.0,0.0,0.0,0.0,0.0
89,사립,동국대학교,본교(서울),대학,일반대학,서울,2022,225.2,256.4,231.5,145.4,241.7,241.7,241.7,0.0,0.0,0.0,0.0,0.0,231.5,243.1,241.4,145.4
90,사립,동국대학교,분교(경주),대학,일반대학,경북,2022,0.0,253.9,200.9,0.0,0.0,0.0,0.0,0.0,0.0,0.0,0.0,0.0,0.0,253.9,200.9,0.0
91,사립,동국대학교,일산캠퍼스,대학,일반대학,경기,2022,544.5,297.5,297.5,0.0,0.0,0.0,0.0,0.0,0.0,0.0,0.0,0.0,544.5,297.5,297.5,0.0
92,사립,동덕여자대학교,본교(서울월곡),대학,일반대학,서울,2022,0.0,330.0,0.0,259.2,0.0,0.0,0.0,0.0,0.0,0.0,0.0,257.9,0.0,330.0,0.0,258.4
93,사립,동명대학교,본교(용당),대학,일반대학,부산,2022,205.2,190.8,160.8,0.0,0.0,0.0,0.0,0.0,0.0,0.0,0.0,0.0,205.2,190.8,160.8,0.0
94,사립,동서대학교,본교(사상),대학,일반대학,부산,2022,123.9,156.5,102.0,0.0,0.0,0.0,0.0,0.0,0.0,142.0,0.0,0.0,123.9,153.5,102.0,0.0
95,사립,동서대학교,산단캠퍼스,대학,일반대학,부산,2022,0.0,0.0,0.0,0.0,0.0,0.0,0.0,0.0,0.0,0.0,0.0,0.0,0.0,0.0,0.0,0.0
96,사립,동신대학교,본교,대학,일반대학,전남,2022,0.0,172.3,162.2,162.2,0.0,0.0,0.0,0.0,0.0,0.0,0.0,0.0,0.0,172.3,162.2,162.2
97,사립,동아대학교,본교(승학),대학,일반대학,부산,2022,194.9,204.7,0.0,0.0,0.0,0.0,0.0,0.0,0.0,0.0,0.0,0.0,194.9,204.7,0.0,0.0
98,사립,동아대학교,제2캠퍼스(구덕),대학,일반대학,부산,2022,207.5,207.5,0.0,0.0,0.0,0.0,0.0,0.0,0.0,0.0,0.0,0.0,207.5,207.5,0.0,0.0
99,사립,동아대학교,제3캠퍼스(부민),대학,일반대학,부산,2022,228.0,241.5,0.0,0.0,0.0,0.0,0.0,0.0,0.0,0.0,0.0,0.0,228.0,241.5,0.0,0.0
100,사립,동양대학교,본교(영주),대학,일반대학,경북,2022,230.5,159.3,137.2,0.0,0.0,0.0,0.0,0.0,0.0,187.0,0.0,0.0,230.5,161.3,137.2,0.0
101,사립,동양대학교,캠퍼스(동두천시),대학,일반대학,경기,2022,369.8,284.9,255.8,244.5,0.0,0.0,0.0,0.0,0.0,0.0,0.0,0.0,369.8,284.9,255.8,244.5
102,사립,동의대학교,본교(가야),대학,일반대학,부산,2022,279.3,177.0,0.0,0.0,0.0,226.0,0.0,0.0,0.0,0.0,0.0,0.0,279.3,202.7,0.0,0.0
103,사립,동의대학교,제2캠퍼스(양정),대학,일반대학,부산,2022,0.0,0.0,0.0,0.0,0.0,0.0,0.0,0.0,0.0,0.0,0.0,0.0,0.0,0.0,0.0,0.0
104,사립,루터대학교,본교(경기),대학,일반대학,경기,2022,362.1,181.0,0.0,0.0,0.0,0.0,0.0,0.0,0.0,0.0,0.0,0.0,362.1,181.0,0.0,0.0
105,사립,명지대학교,인문캠퍼스,대학,일반대학,서울,2022,0.0,0.0,0.0,0.0,0.0,0.0,0.0,0.0,0.0,341.9,0.0,252.7,0.0,341.9,0.0,252.7
106,사립,명지대학교,자연캠퍼스,대학,일반대학,경기,2022,0.0,0.0,0.0,0.0,0.0,0.0,0.0,0.0,227.0,269.8,0.0,173.3,227.0,269.8,0.0,173.3
107,사립,목원대학교,본교,대학,일반대학,대전,2022,210.7,209.7,0.0,134.9,0.0,0.0,0.0,0.0,0.0,0.0,0.0,0.0,210.7,209.7,0.0,134.9
108,사립,목포가톨릭대학교,본교(목포),대학,일반대학,전남,2022,178.9,120.7,0.0,0.0,0.0,0.0,0.0,0.0,0.0,0.0,0.0,0.0,178.9,120.7,0.0,0.0
109,국립,목포대학교,본교(도림),대학,일반대학,전남,2022,237.4,150.5,141.0,0.0,156.0,156.0,0.0,0.0,0.0,0.0,0.0,0.0,232.3,152.8,141.0,0.0
110,국립,목포대학교,산단캠퍼스,대학,일반대학,전남,2022,0.0,0.0,0.0,0.0,0.0,0.0,0.0,0.0,0.0,0.0,0.0,0.0,0.0,0.0,0.0,0.0
111,국립,목포대학교,제2캠퍼스(목포),대학,일반대학,전남,2022,0.0,0.0,0.0,0.0,0.0,0.0,0.0,0.0,0.0,0.0,0.0,0.0,0.0,0.0,0.0,0.0
112,국립,목포해양대학교,본교(목포),대학,일반대학,전남,2022,0.0,152.0,0.0,100.0,0.0,0.0,0.0,0.0,0.0,0.0,0.0,0.0,0.0,152.0,0.0,100.0
113,사립,배재대학교,본교(대전),대학,일반대학,대전,2022,0.0,189.5,168.1,134.8,0.0,0.0,0.0,0.0,230.0,0.0,0.0,0.0,230.0,189.5,168.1,134.8
114,사립,배재대학교,산단캠퍼스,대학,일반대학,대전,2022,0.0,0.0,0.0,0.0,0.0,0.0,0.0,0.0,0.0,0.0,0.0,0.0,0.0,0.0,0.0,0.0
115,사립,백석대학교,본교(천안),대학,일반대학,충남,2022,278.5,324.3,0.0,0.0,0.0,0.0,0.0,0.0,0.0,0.0,0.0,0.0,278.5,324.3,0.0,0.0
116,사립,백석대학교,제2캠퍼스(서울),대학,일반대학,서울,2022,495.9,495.9,0.0,347.1,0.0,0.0,0.0,0.0,0.0,0.0,0.0,0.0,495.9,495.9,0.0,347.1
117,국립,부경대학교,본교(대연),대학,일반대학,부산,2022,0.0,0.0,0.0,0.0,318.6,157.9,0.0,0.0,0.0,0.0,0.0,0.0,318.6,157.9,0.0,0.0
118,국립,부경대학교,제2캠퍼스(용당),대학,일반대학,부산,2022,201.0,124.1,0.0,0.0,0.0,0.0,0.0,0.0,0.0,0.0,0.0,0.0,201.0,124.1,0.0,0.0
119,사립,부산가톨릭대학교,본교,대학,일반대학,부산,2022,0.0,164.6,169.9,159.3,0.0,0.0,0.0,0.0,0.0,0.0,0.0,0.0,0.0,164.6,169.9,159.3
120,국립,부산대학교,본교(부산),대학,일반대학,부산,2022,241.2,150.9,0.0,0.0,385.4,199.3,0.0,0.0,0.0,0.0,0.0,0.0,275.6,187.8,0.0,0.0
121,국립,부산대학교,제4캠퍼스(양산),대학,일반대학,경남,2022,379.8,208.5,0.0,0.0,368.4,204.6,0.0,0.0,0.0,0.0,0.0,0.0,371.4,205.7,0.0,0.0
122,국립,부산대학교,제3캠퍼스(밀양),대학,일반대학,경남,2022,0.0,176.7,0.0,138.6,0.0,0.0,0.0,0.0,0.0,0.0,0.0,0.0,0.0,176.7,0.0,138.6
123,사립,부산외국어대학교,본교(남산동),대학,일반대학,부산,2022,348.8,207.0,184.2,0.0,0.0,0.0,0.0,0.0,0.0,0.0,0.0,0.0,348.8,207.0,184.2,0.0
124,사립,부산장신대학교,본교,대학,일반대학,경남,2022,0.0,0.0,0.0,102.5,0.0,0.0,0.0,0.0,0.0,0.0,0.0,0.0,0.0,0.0,0.0,102.5
125,사립,삼육대학교,본교,대학,일반대학,서울,2022,548.9,302.5,208.1,169.9,0.0,0.0,0.0,0.0,0.0,0.0,0.0,0.0,548.9,302.5,208.1,169.9
126,사립,상명대학교,본교(서울),대학,일반대학,서울,2022,351.3,236.5,181.3,130.7,223.4,223.4,223.4,0.0,0.0,0.0,0.0,0.0,342.2,235.8,212.9,130.7
127,사립,상명대학교,캠퍼스(천안),대학,일반대학,충남,2022,500.4,243.7,0.0,0.0,0.0,0.0,0.0,0.0,0.0,0.0,0.0,0.0,500.4,243.7,0.0,0.0
128,사립,상지대학교,본교(강원원주),대학,일반대학,강원,2022,176.8,175.0,0.0,0.0,0.0,0.0,0.0,0.0,0.0,0.0,0.0,0.0,176.8,175.0,0.0,0.0
129,사립,서강대학교,본교(서울),대학,일반대학,서울,2022,0.0,213.0,0.0,213.0,0.0,437.3,0.0,0.0,0.0,0.0,0.0,0.0,0.0,435.3,0.0,213.0
130,사립,서경대학교,본교(서울정릉),대학,일반대학,서울,2022,0.0,226.0,0.0,149.1,0.0,0.0,0.0,0.0,0.0,0.0,0.0,0.0,0.0,226.0,0.0,149.1
131,국립,서울과학기술대학교,본교,대학,일반대학,서울,2022,318.3,325.9,355.1,0.0,418.5,240.3,0.0,244.0,0.0,0.0,0.0,0.0,406.1,263.7,355.1,244.0
132,사립,서울기독대학교,본교(서울은평),대학,일반대학,서울,2022,0.0,92.9,0.0,92.9,0.0,0.0,0.0,0.0,0.0,0.0,0.0,0.0,0.0,92.9,0.0,92.9
133,국립,서울대학교,본교(관악),대학,일반대학,서울,2022,217.7,165.9,0.0,191.1,294.7,209.1,0.0,0.0,0.0,0.0,0.0,0.0,252.3,191.0,0.0,191.1
134,국립,서울대학교,제2캠퍼스(연건),대학,일반대학,서울,2022,357.9,133.4,0.0,537.8,0.0,0.0,0.0,0.0,0.0,0.0,0.0,0.0,357.9,133.4,0.0,537.8
135,국립,서울대학교,평창캠퍼스,대학,일반대학,강원,2022,100.8,100.8,0.0,180.2,0.0,0.0,0.0,0.0,0.0,0.0,0.0,0.0,100.8,100.8,0.0,180.2
136,사립,서울신학대학교,본교(부천),대학,일반대학,경기,2022,0.0,226.4,171.8,171.8,0.0,0.0,0.0,0.0,0.0,0.0,0.0,0.0,0.0,226.4,171.8,171.8
137,사립,서울여자대학교,본교(서울),대학,일반대학,서울,2022,379.2,278.2,218.3,238.1,0.0,0.0,0.0,0.0,0.0,0.0,0.0,0.0,379.2,278.2,218.3,238.1
138,사립,서울장신대학교,본교(경기광주),대학,일반대학,경기,2022,0.0,174.8,174.8,174.8,0.0,0.0,0.0,0.0,0.0,0.0,0.0,0.0,0.0,174.8,174.8,174.8
139,사립,서울한영대학교,본교(서울구로),대학,일반대학,서울,2022,0.0,0.0,0.0,175.0,0.0,0.0,0.0,0.0,0.0,0.0,0.0,0.0,0.0,0.0,0.0,175.0
140,사립,서원대학교,본교(충북청주),대학,일반대학,충북,2022,267.9,235.7,0.0,117.2,0.0,0.0,0.0,0.0,0.0,0.0,0.0,0.0,267.9,235.7,0.0,117.2
141,사립,선문대학교,본교(아산),대학,일반대학,충남,2022,248.3,226.7,200.8,164.6,0.0,0.0,0.0,0.0,0.0,0.0,0.0,0.0,248.3,226.7,200.8,164.6
142,사립,선문대학교,캠퍼스(천안),대학,일반대학,충남,2022,0.0,0.0,0.0,0.0,0.0,0.0,0.0,0.0,0.0,0.0,0.0,0.0,0.0,0.0,0.0,0.0
143,사립,성결대학교,본교(경기안양),대학,일반대학,경기,2022,206.7,180.2,188.0,159.4,0.0,0.0,0.0,0.0,0.0,0.0,0.0,0.0,206.7,180.2,188.0,159.4
144,사립,성공회대학교,본교(서울),대학,일반대학,서울,2022,0.0,262.5,0.0,0.0,259.7,259.7,0.0,0.0,0.0,0.0,0.0,0.0,259.7,260.4,0.0,0.0
145,사립,성균관대학교,인문사회과학캠퍼스,대학,일반대학,서울,2022,558.6,387.6,0.0,0.0,0.0,0.0,0.0,0.0,400.0,307.0,0.0,0.0,541.6,376.4,0.0,0.0
146,사립,성균관대학교,자연과학캠퍼스,대학,일반대학,경기,2022,415.2,253.2,0.0,180.3,0.0,0.0,0.0,0.0,0.0,0.0,0.0,0.0,415.2,253.2,0.0,180.3
147,사립,성신여자대학교,본교(서울),대학,일반대학,서울,2022,0.0,258.2,367.7,194.7,0.0,0.0,0.0,0.0,585.7,370.5,388.2,366.7,585.7,356.2,369.7,269.3
148,사립,성신여자대학교,운정그린캠퍼스,대학,일반대학,서울,2022,0.0,0.0,0.0,0.0,0.0,0.0,0.0,0.0,392.7,271.2,0.0,0.0,392.7,271.2,0.0,0.0
149,사립,세명대학교,본교(제천),대학,일반대학,충북,2022,352.2,201.7,156.5,164.7,0.0,0.0,0.0,0.0,0.0,0.0,0.0,0.0,352.2,201.7,156.5,164.7
150,사립,세종대학교,본교(서울),대학,일반대학,서울,2022,213.7,246.2,231.9,221.8,141.1,282.1,0.0,0.0,0.0,0.0,0.0,0.0,198.4,276.1,231.9,221.8
151,사립,세한대학교,당진캠퍼스,대학,일반대학,충남,2022,0.0,274.7,0.0,0.0,0.0,0.0,0.0,0.0,0.0,0.0,0.0,0.0,0.0,274.7,0.0,0.0
152,사립,세한대학교,본교(영암),대학,일반대학,전남,2022,432.7,288.5,66.3,0.0,0.0,0.0,0.0,0.0,0.0,0.0,0.0,0.0,432.7,288.5,66.3,0.0
153,사립,송원대학교,본교,대학,일반대학,광주,2022,0.0,0.0,0.0,0.0,220.9,220.9,0.0,174.8,0.0,0.0,196.9,194.9,220.9,220.9,196.9,183.7
154,사립,수원가톨릭대학교,본교(수원),대학,일반대학,경기,2022,609.1,0.0,0.0,609.1,0.0,0.0,0.0,0.0,0.0,0.0,0.0,0.0,609.1,0.0,0.0,609.1
155,사립,수원대학교,본교,대학,일반대학,경기,2022,0.0,295.5,0.0,268.9,0.0,0.0,0.0,0.0,0.0,0.0,0.0,0.0,0.0,295.5,0.0,268.9
156,사립,숙명여자대학교,본교(서울),대학,일반대학,서울,2022,367.4,286.0,181.3,180.0,0.0,0.0,0.0,0.0,704.3,614.6,448.9,0.0,455.3,318.8,315.1,180.0
157,국립,순천대학교,본교(순천),대학,일반대학,전남,2022,183.6,117.4,0.0,0.0,181.2,170.7,0.0,0.0,0.0,0.0,0.0,0.0,183.5,157.9,0.0,0.0
158,사립,순천향대학교,본교(충남아산),대학,일반대학,충남,2022,141.7,228.8,244.0,143.2,0.0,0.0,0.0,0.0,0.0,0.0,45.7,0.0,141.7,228.8,140.5,143.2
159,사립,숭실대학교,본교(서울상도),대학,일반대학,서울,2022,493.3,245.2,195.0,307.0,559.4,341.7,0.0,274.8,0.0,0.0,0.0,0.0,553.5,332.9,195.0,301.0
160,사립,신경대학교,본교(경기화성),대학,일반대학,경기,2022,0.0,0.0,0.0,158.2,0.0,0.0,0.0,0.0,0.0,0.0,0.0,0.0,0.0,0.0,0.0,158.2
161,사립,신라대학교,본교(부산백양),대학,일반대학,부산,2022,271.5,203.7,211.9,154.4,0.0,0.0,0.0,0.0,0.0,0.0,0.0,0.0,271.5,203.7,211.9,154.4
162,사립,신한대학교,제1캠퍼스,대학,일반대학,경기,2022,0.0,0.0,0.0,0.0,191.3,0.0,191.3,0.0,0.0,0.0,0.0,0.0,191.3,0.0,191.3,0.0
163,사립,신한대학교,제2캠퍼스,대학,일반대학,경기,2022,0.0,0.0,0.0,114.1,234.6,234.6,0.0,0.0,0.0,0.0,0.0,0.0,234.6,234.6,0.0,114.1
164,사립,아신대학교,본교(양평),대학,일반대학,경기,2022,0.0,0.0,143.1,143.1,0.0,0.0,0.0,0.0,0.0,0.0,0.0,0.0,0.0,0.0,143.1,143.1
165,사립,아주대학교,본교(경기수원),대학,일반대학,경기,2022,390.7,179.6,79.1,143.9,0.0,0.0,0.0,0.0,0.0,0.0,0.0,0.0,390.7,179.6,79.1,143.9
166,국립,안동대학교,본교(안동),대학,일반대학,경북,2022,338.5,215.9,0.0,141.0,0.0,195.3,0.0,0.0,0.0,0.0,0.0,0.0,338.5,208.0,0.0,141.0
167,사립,안양대학교,본교(안양),대학,일반대학,경기,2022,0.0,0.0,0.0,0.0,0.0,0.0,0.0,0.0,0.0,0.0,0.0,0.0,0.0,0.0,0.0,0.0
168,사립,안양대학교,제2캠퍼스(강화),대학,일반대학,인천,2022,0.0,0.0,0.0,0.0,0.0,0.0,0.0,0.0,0.0,0.0,0.0,0.0,0.0,0.0,0.0,0.0
169,사립,연세대학교,본교(신촌),대학,일반대학,서울,2022,626.1,261.8,234.0,0.0,644.1,380.4,0.0,0.0,0.0,0.0,0.0,0.0,639.7,308.7,234.0,0.0
170,사립,연세대학교,분교(원주),대학,일반대학,강원,2022,304.1,294.1,253.4,168.3,0.0,0.0,0.0,0.0,0.0,0.0,0.0,0.0,304.1,294.1,253.4,168.3
171,사립,연세대학교,캠퍼스(국제),대학,일반대학,인천,2022,0.0,353.9,232.0,0.0,0.0,353.9,232.0,0.0,0.0,0.0,0.0,0.0,0.0,353.9,232.0,0.0
172,사립,연세대학교,캠퍼스(일산),대학,일반대학,강원,2022,308.2,231.0,0.0,0.0,0.0,0.0,0.0,0.0,0.0,0.0,0.0,0.0,308.2,231.0,0.0,0.0
173,사립,영남대학교,본교(경북경산),대학,일반대학,경북,2022,0.0,248.1,97.8,213.0,0.0,0.0,0.0,0.0,0.0,0.0,0.0,0.0,0.0,248.1,97.8,213.0
174,사립,영남대학교,제2캠퍼스(대명동),대학,일반대학,대구,2022,341.6,341.6,0.0,0.0,0.0,0.0,0.0,0.0,0.0,0.0,0.0,0.0,341.6,341.6,0.0,0.0
175,사립,영남신학대학교,본교(경산),대학,일반대학,경북,2022,0.0,107.7,126.8,126.8,0.0,0.0,0.0,0.0,0.0,0.0,0.0,0.0,0.0,107.7,126.8,126.8
176,사립,영산대학교,본교(양산),대학,일반대학,경남,2022,263.4,224.6,162.7,114.7,0.0,0.0,0.0,0.0,0.0,0.0,0.0,0.0,263.4,224.6,162.7,114.7
177,사립,영산대학교,제2캠퍼스(부산),대학,일반대학,부산,2022,225.7,236.4,0.0,126.3,0.0,0.0,0.0,0.0,0.0,0.0,0.0,0.0,225.7,236.4,0.0,126.3
178,사립,영산선학대학교,본교(영광),대학,일반대학,전남,2022,0.0,0.0,0.0,0.0,0.0,0.0,0.0,0.0,0.0,0.0,0.0,0.0,0.0,0.0,0.0,0.0
179,사립,예수대학교,본교(전주),대학,일반대학,전북,2022,0.0,166.8,145.1,0.0,0.0,0.0,0.0,0.0,0.0,0.0,0.0,0.0,0.0,166.8,145.1,0.0
180,사립,예원예술대학교,본교(임실),대학,일반대학,전북,2022,0.0,0.0,0.0,0.0,0.0,0.0,0.0,0.0,0.0,0.0,0.0,0.0,0.0,0.0,0.0,0.0
181,사립,예원예술대학교,제2캠퍼스(양주),대학,일반대학,경기,2022,0.0,0.0,0.0,0.0,0.0,0.0,0.0,0.0,0.0,283.8,269.6,0.0,0.0,283.8,269.6,0.0
182,사립,용인대학교,본교(용인),대학,일반대학,경기,2022,0.0,216.6,157.9,157.9,0.0,0.0,0.0,0.0,0.0,284.3,0.0,0.0,0.0,251.1,157.9,157.9
183,사립,우석대학교,본교(완주),대학,일반대학,전북,2022,285.1,170.7,168.9,116.9,0.0,0.0,0.0,0.0,0.0,0.0,0.0,0.0,285.1,170.7,168.9,116.9
184,사립,우석대학교,진천캠퍼스,대학,일반대학,충북,2022,0.0,225.7,0.0,0.0,0.0,0.0,0.0,0.0,0.0,0.0,0.0,0.0,0.0,225.7,0.0,0.0
185,사립,우송대학교,본교(대전),대학,일반대학,대전,2022,195.0,163.5,180.0,125.8,0.0,0.0,0.0,0.0,0.0,0.0,0.0,0.0,195.0,163.5,180.0,125.8
186,사립,울산대학교,본교(울산),대학,일반대학,울산,2022,212.7,203.4,212.7,127.9,0.0,0.0,0.0,0.0,0.0,0.0,0.0,0.0,212.7,203.4,212.7,127.9
187,사립,울산대학교,산단캠퍼스,대학,일반대학,울산,2022,0.0,0.0,0.0,0.0,0.0,0.0,0.0,0.0,0.0,0.0,0.0,0.0,0.0,0.0,0.0,0.0
188,사립,원광대학교,본교(익산),대학,일반대학,전북,2022,195.0,195.0,195.0,195.0,0.0,0.0,0.0,0.0,0.0,0.0,0.0,0.0,195.0,195.0,195.0,195.0
189,사립,위덕대학교,본교(경북경주),대학,일반대학,경북,2022,0.0,0.0,116.2,116.2,0.0,0.0,0.0,0.0,0.0,0.0,74.0,55.5,0.0,0.0,92.3,114.0
190,사립,유원대학교,본교,대학,일반대학,충북,2022,0.0,0.0,144.6,144.6,0.0,0.0,0.0,0.0,0.0,0.0,0.0,0.0,0.0,0.0,144.6,144.6
191,사립,유원대학교,아산,대학,일반대학,충남,2022,144.6,136.6,0.0,141.7,0.0,0.0,0.0,0.0,0.0,0.0,0.0,0.0,144.6,136.6,0.0,141.7
192,사립,을지대학교,캠퍼스(성남),대학,일반대학,경기,2022,520.4,304.5,0.0,0.0,0.0,0.0,0.0,0.0,0.0,0.0,0.0,0.0,520.4,304.5,0.0,0.0
193,사립,을지대학교,본교(대전),대학,일반대학,대전,2022,267.9,187.5,0.0,0.0,0.0,0.0,0.0,0.0,0.0,0.0,0.0,0.0,267.9,187.5,0.0,0.0
194,사립,을지대학교,캠퍼스(의정부),대학,일반대학,경기,2022,515.8,301.8,0.0,0.0,0.0,0.0,0.0,0.0,0.0,0.0,0.0,0.0,515.8,301.8,0.0,0.0
195,사립,이화여자대학교,본교(신촌),대학,일반대학,서울,2022,400.5,300.4,360.1,284.3,0.0,0.0,0.0,0.0,0.0,0.0,0.0,0.0,400.5,300.4,360.1,284.3
196,사립,이화여자대학교,캠퍼스(마곡),대학,일반대학,서울,2022,391.5,275.5,0.0,0.0,0.0,0.0,0.0,0.0,0.0,0.0,0.0,0.0,391.5,275.5,0.0,0.0
197,사립,인제대학교,본교(김해),대학,일반대학,경남,2022,203.5,190.8,0.0,117.4,0.0,0.0,0.0,0.0,0.0,0.0,0.0,0.0,203.5,190.8,0.0,117.4
198,사립,인제대학교,제2캠퍼스(부산),대학,일반대학,부산,2022,214.3,131.5,140.2,0.0,0.0,0.0,0.0,0.0,0.0,0.0,0.0,0.0,214.3,131.5,140.2,0.0
199,사립,인천가톨릭대학교,강화캠퍼스,대학,일반대학,인천,2022,390.8,390.8,0.0,383.7,0.0,0.0,0.0,0.0,0.0,0.0,0.0,0.0,390.8,390.8,0.0,383.7
200,사립,인천가톨릭대학교,송도캠퍼스,대학,일반대학,인천,2022,0.0,0.0,0.0,0.0,0.0,0.0,0.0,0.0,0.0,0.0,0.0,0.0,0.0,0.0,0.0,0.0
201,국립,인천대학교,본교,대학,일반대학,인천,2022,0.0,200.0,0.0,121.1,0.0,210.5,0.0,0.0,0.0,0.0,0.0,0.0,0.0,209.8,0.0,121.1
202,사립,인하대학교,본교(미추홀구),대학,일반대학,인천,2022,0.0,303.8,331.1,179.4,0.0,0.0,0.0,0.0,0.0,0.0,0.0,0.0,0.0,303.8,331.1,179.4
203,사립,장로회신학대학교,본교(서울),대학,일반대학,서울,2022,0.0,243.9,0.0,194.7,0.0,0.0,0.0,0.0,0.0,0.0,0.0,0.0,0.0,243.9,0.0,194.7
204,국립,전남대학교,본교(광주),대학,일반대학,광주,2022,261.5,137.8,0.0,0.0,395.0,160.6,0.0,0.0,0.0,0.0,0.0,0.0,299.1,156.6,0.0,0.0
205,국립,전남대학교,제2캠퍼스(여수),대학,일반대학,전남,2022,0.0,157.6,0.0,0.0,0.0,0.0,0.0,0.0,0.0,0.0,0.0,0.0,0.0,157.6,0.0,0.0
206,국립,전북대학교,본교(전주덕진),대학,일반대학,전북,2022,129.9,129.9,0.0,0.0,222.3,154.2,0.0,105.3,0.0,0.0,0.0,0.0,210.5,150.0,0.0,105.3
207,국립,전북대학교,산단캠퍼스,대학,일반대학,전북,2022,0.0,0.0,0.0,0.0,0.0,0.0,0.0,0.0,0.0,0.0,0.0,0.0,0.0,0.0,0.0,0.0
208,국립,전북대학교,제2캠퍼스(익산),대학,일반대학,전북,2022,166.8,148.6,0.0,0.0,0.0,0.0,0.0,0.0,0.0,0.0,0.0,0.0,166.8,148.6,0.0,0.0
209,사립,전주대학교,본교,대학,일반대학,전북,2022,0.0,201.3,0.0,217.7,450.7,304.8,0.0,228.6,0.0,0.0,0.0,0.0,450.7,245.9,0.0,225.2
210,사립,제주국제대학교,본교(제주),대학,일반대학,제주,2022,0.0,0.0,0.0,0.0,0.0,0.0,0.0,0.0,0.0,0.0,0.0,0.0,0.0,0.0,0.0,0.0
211,국립,제주대학교,본교(아라),대학,일반대학,제주,2022,0.0,0.0,0.0,0.0,357.6,201.0,0.0,0.0,345.8,157.4,0.0,0.0,354.2,201.0,0.0,0.0
212,국립,제주대학교,제2캠퍼스(사라),대학,일반대학,제주,2022,0.0,154.2,0.0,0.0,0.0,0.0,0.0,0.0,0.0,0.0,0.0,0.0,0.0,154.2,0.0,0.0
213,사립,조선대학교,본교,대학,일반대학,광주,2022,151.0,189.5,0.0,0.0,0.0,0.0,0.0,0.0,0.0,269.0,0.0,0.0,151.0,189.9,0.0,0.0
214,사립,조선대학교,산단캠퍼스,대학,일반대학,광주,2022,0.0,0.0,0.0,0.0,0.0,0.0,0.0,0.0,0.0,0.0,0.0,0.0,0.0,0.0,0.0,0.0
215,사립,중부대학교,국제캠퍼스(충청),대학,일반대학,충남,2022,0.0,191.4,0.0,191.4,0.0,0.0,0.0,0.0,0.0,0.0,0.0,0.0,0.0,191.4,0.0,191.4
216,사립,중부대학교,창의캠퍼스(고양),대학,일반대학,경기,2022,371.4,371.4,0.0,0.0,0.0,0.0,0.0,0.0,0.0,0.0,0.0,0.0,371.4,371.4,0.0,0.0
217,사립,중앙대학교,본교(서울),대학,일반대학,서울,2022,364.6,342.9,0.0,242.7,0.0,0.0,0.0,0.0,0.0,0.0,0.0,0.0,364.6,342.9,0.0,242.7
218,사립,중앙대학교,캠퍼스(안성),대학,일반대학,경기,2022,301.3,224.4,0.0,0.0,0.0,0.0,0.0,0.0,0.0,0.0,0.0,0.0,301.3,224.4,0.0,0.0
219,사립,중앙승가대학교,본교(경기김포),대학,일반대학,경기,2022,0.0,0.0,0.0,0.0,0.0,0.0,0.0,0.0,0.0,0.0,0.0,0.0,0.0,0.0,0.0,0.0
220,사립,중원대학교,본교(충북),대학,일반대학,충북,2022,0.0,349.4,326.0,289.9,0.0,0.0,0.0,0.0,0.0,0.0,0.0,0.0,0.0,349.4,326.0,289.9
221,사립,차의과학대학교,본교(경기),대학,일반대학,경기,2022,653.3,367.6,0.0,284.3,0.0,0.0,0.0,0.0,0.0,0.0,0.0,0.0,653.3,367.6,0.0,284.3
222,사립,창신대학교,본교,대학,일반대학,경남,2022,0.0,145.0,0.0,0.0,0.0,0.0,0.0,0.0,0.0,0.0,0.0,0.0,0.0,145.0,0.0,0.0
223,국립,창원대학교,본교(창원),대학,일반대학,경남,2022,0.0,118.5,0.0,0.0,0.0,172.3,0.0,0.0,0.0,0.0,0.0,0.0,0.0,158.1,0.0,0.0
224,사립,청주대학교,본교(우암),대학,일반대학,충북,2022,442.7,203.7,0.0,156.8,0.0,0.0,0.0,0.0,0.0,0.0,0.0,0.0,442.7,203.7,0.0,156.8
225,사립,청주대학교,산단캠퍼스,대학,일반대학,충북,2022,0.0,0.0,0.0,0.0,0.0,0.0,0.0,0.0,0.0,0.0,0.0,0.0,0.0,0.0,0.0,0.0
226,사립,초당대학교,본교(전남무안),대학,일반대학,전남,2022,0.0,182.7,0.0,0.0,0.0,0.0,0.0,0.0,0.0,0.0,0.0,0.0,0.0,182.7,0.0,0.0
227,사립,총신대학교,본교(사당),대학,일반대학,서울,2022,0.0,155.5,155.5,155.5,0.0,0.0,0.0,0.0,0.0,0.0,0.0,0.0,0.0,155.5,155.5,155.5
228,사립,총신대학교,제2캠퍼스(양지),대학,일반대학,경기,2022,0.0,0.0,0.0,124.1,0.0,0.0,0.0,0.0,0.0,0.0,0.0,0.0,0.0,0.0,0.0,124.1
229,사립,추계예술대학교,본교(서울),대학,일반대학,서울,2022,0.0,600.0,0.0,450.0,0.0,0.0,0.0,0.0,480.0,306.3,0.0,0.0,480.0,486.3,0.0,450.0
230,국립,충남대학교,본교(대전유성),대학,일반대학,대전,2022,323.7,198.3,147.9,0.0,346.9,191.6,0.0,0.0,0.0,0.0,0.0,0.0,344.6,193.7,147.9,0.0
231,국립,충북대학교,본교(충북개신),대학,일반대학,충북,2022,0.0,151.6,0.0,0.0,153.7,146.6,0.0,153.7,0.0,0.0,0.0,0.0,153.7,148.0,0.0,153.7
232,국립,충북대학교,산단캠퍼스,대학,일반대학,충북,2022,0.0,0.0,0.0,0.0,0.0,0.0,0.0,0.0,0.0,0.0,0.0,0.0,0.0,0.0,0.0,0.0
233,사립,칼빈대학교,본교(용인),대학,일반대학,경기,2022,0.0,0.0,0.0,0.0,0.0,0.0,0.0,0.0,0.0,0.0,0.0,0.0,0.0,0.0,0.0,0.0
234,사립,케이씨대학교,본교(서울),대학,일반대학,서울,2022,0.0,0.0,162.5,0.0,0.0,0.0,0.0,0.0,0.0,0.0,0.0,112.5,0.0,0.0,162.5,112.5
235,사립,평택대학교,본교(경기평택),대학,일반대학,경기,2022,368.2,226.7,0.0,153.5,0.0,0.0,0.0,0.0,0.0,0.0,0.0,0.0,368.2,226.7,0.0,153.5
236,사립,포항공과대학교,본교(포항),대학,일반대학,경북,2022,272.9,154.2,209.0,0.0,0.0,0.0,0.0,0.0,0.0,0.0,0.0,0.0,272.9,154.2,209.0,0.0
237,국립,한경대학교,본교(경기안성),대학,일반대학,경기,2022,166.2,151.8,0.0,0.0,169.8,169.8,0.0,0.0,0.0,0.0,0.0,0.0,168.9,159.8,0.0,0.0
238,사립,한국공학대학교,본교(경기시흥),대학,일반대학,경기,2022,375.3,249.2,0.0,174.9,386.4,256.3,0.0,256.3,0.0,0.0,0.0,0.0,376.9,252.0,0.0,215.2
239,국립,한국교원대학교,본교,대학,일반대학,충북,2022,0.0,135.6,135.6,135.6,0.0,0.0,0.0,0.0,0.0,0.0,0.0,0.0,0.0,135.6,135.6,135.6
240,국립,한국교통대학교,제2캠퍼스(증평),대학,일반대학,충북,2022,0.0,142.0,0.0,0.0,0.0,243.8,0.0,0.0,0.0,0.0,0.0,0.0,0.0,185.3,0.0,0.0
241,국립,한국교통대학교,본교(충주),대학,일반대학,충북,2022,174.5,151.2,0.0,0.0,197.7,197.7,0.0,0.0,0.0,0.0,0.0,0.0,186.1,166.7,0.0,0.0
242,국립,한국교통대학교,제3캠퍼스(의왕),대학,일반대학,경기,2022,0.0,114.4,0.0,0.0,0.0,0.0,0.0,0.0,0.0,0.0,0.0,0.0,0.0,114.4,0.0,0.0
243,사립,한국국제대학교,본교(경남진주),대학,일반대학,경남,2022,0.0,0.0,0.0,0.0,393.0,245.8,196.5,0.0,0.0,0.0,0.0,0.0,393.0,245.8,196.5,0.0
244,사립,한국기술교육대학교,본교(병천),대학,일반대학,충남,2022,423.7,165.9,211.9,0.0,0.0,180.5,180.5,0.0,0.0,0.0,0.0,0.0,423.7,166.8,205.6,0.0
245,사립,한국성서대학교,본교,대학,일반대학,서울,2022,0.0,0.0,0.0,144.2,0.0,0.0,0.0,0.0,0.0,0.0,0.0,0.0,0.0,0.0,0.0,144.2
246,사립,한국외국어대학교,본교(서울이문),대학,일반대학,서울,2022,0.0,297.7,239.2,0.0,390.5,390.5,0.0,0.0,546.4,435.0,466.1,0.0,511.8,343.7,293.2,0.0
247,사립,한국외국어대학교,캠퍼스(용인왕산),대학,일반대학,경기,2022,0.0,0.0,0.0,0.0,0.0,333.2,0.0,0.0,0.0,0.0,0.0,0.0,0.0,333.2,0.0,0.0
248,국립,한국체육대학교,본교,대학,일반대학,서울,2022,0.0,0.0,0.0,0.0,0.0,0.0,0.0,0.0,0.0,0.0,0.0,0.0,0.0,0.0,0.0,0.0
249,사립,한국침례신학대학교,본교(대전),대학,일반대학,대전,2022,165.8,126.3,138.2,135.0,0.0,0.0,0.0,0.0,0.0,0.0,0.0,0.0,165.8,126.3,138.2,135.0
250,사립,한국항공대학교,본교(고양),대학,일반대학,경기,2022,0.0,378.8,0.0,259.3,0.0,0.0,0.0,0.0,98.6,0.0,0.0,0.0,98.6,378.8,0.0,259.3
251,국립,한국해양대학교,본교(부산),대학,일반대학,부산,2022,178.8,144.2,0.0,114.7,0.0,0.0,0.0,0.0,0.0,0.0,0.0,0.0,178.8,144.2,0.0,114.7
252,사립,한남대학교,본교(대덕),대학,일반대학,대전,2022,91.7,129.7,101.3,129.2,0.0,0.0,0.0,0.0,0.0,0.0,0.0,0.0,91.7,129.7,101.3,129.2
253,사립,한동대학교,본교(포항),대학,일반대학,경북,2022,344.2,0.0,0.0,200.1,229.7,251.7,0.0,207.6,0.0,0.0,0.0,0.0,341.7,251.7,0.0,201.5
254,사립,한라대학교,본교(원주),대학,일반대학,강원,2022,0.0,184.2,0.0,0.0,0.0,0.0,0.0,0.0,0.0,0.0,0.0,0.0,0.0,184.2,0.0,0.0
255,사립,한림대학교,본교(춘천),대학,일반대학,강원,2022,316.3,308.8,179.8,0.0,0.0,0.0,0.0,0.0,0.0,0.0,0.0,0.0,316.3,308.8,179.8,0.0
256,국립,한밭대학교,산단캠퍼스,대학,일반대학,대전,2022,0.0,0.0,0.0,0.0,0.0,0.0,0.0,0.0,0.0,0.0,0.0,0.0,0.0,0.0,0.0,0.0
257,국립,한밭대학교,본교(대전),대학,일반대학,대전,2022,212.4,0.0,0.0,0.0,282.5,172.5,0.0,0.0,0.0,0.0,0.0,0.0,235.6,172.5,0.0,0.0
258,사립,한서대학교,본교(서산),대학,일반대학,충남,2022,0.0,278.8,0.0,180.5,0.0,0.0,0.0,0.0,0.0,0.0,0.0,0.0,0.0,278.8,0.0,180.5
259,사립,한서대학교,태안캠퍼스,대학,일반대학,충남,2022,0.0,274.4,0.0,179.3,0.0,0.0,0.0,0.0,0.0,0.0,0.0,0.0,0.0,274.4,0.0,179.3
260,사립,한성대학교,본교(서울성북),대학,일반대학,서울,2022,0.0,227.8,230.0,210.2,245.1,245.1,0.0,0.0,0.0,0.0,0.0,0.0,245.1,241.5,230.0,210.2
261,사립,한세대학교,본교(경기군포),대학,일반대학,경기,2022,0.0,0.0,192.1,189.8,0.0,0.0,0.0,0.0,0.0,0.0,0.0,0.0,0.0,0.0,192.1,189.8
262,사립,한신대학교,본교(오산),대학,일반대학,경기,2022,0.0,171.4,171.4,0.0,0.0,0.0,0.0,0.0,0.0,0.0,0.0,0.0,0.0,171.4,171.4,0.0
263,사립,한신대학교,제2캠퍼스(서울),대학,일반대학,서울,2022,0.0,140.0,0.0,0.0,0.0,0.0,0.0,0.0,0.0,0.0,0.0,0.0,0.0,140.0,0.0,0.0
264,사립,한양대학교,본교(서울),대학,일반대학,서울,2022,444.3,247.8,189.9,141.1,279.4,279.4,267.8,0.0,614.5,448.3,0.0,0.0,536.6,263.7,195.5,141.1
265,사립,한양대학교,분교(안산),대학,일반대학,경기,2022,441.1,274.8,0.0,0.0,252.0,252.0,0.0,0.0,0.0,0.0,0.0,0.0,429.1,268.1,0.0,0.0
266,사립,한일장신대학교,본교(완주),대학,일반대학,전북,2022,0.0,214.3,0.0,123.2,0.0,0.0,0.0,0.0,0.0,0.0,0.0,0.0,0.0,214.3,0.0,123.2
267,사립,협성대학교,본교(경기화성),대학,일반대학,경기,2022,0.0,0.0,124.2,124.2,0.0,0.0,0.0,0.0,0.0,0.0,0.0,0.0,0.0,0.0,124.2,124.2
268,사립,호남대학교,본교(광산),대학,일반대학,광주,2022,0.0,0.0,0.0,136.6,0.0,0.0,0.0,0.0,0.0,0.0,0.0,0.0,0.0,0.0,0.0,136.6
269,사립,호남신학대학교,본교(양림),대학,일반대학,광주,2022,146.0,146.0,0.0,87.6,0.0,0.0,0.0,0.0,0.0,0.0,0.0,0.0,146.0,146.0,0.0,87.6
270,사립,호서대학교,제3캠퍼스(서울),대학,일반대학,서울,2022,0.0,0.0,0.0,0.0,0.0,0.0,0.0,0.0,0.0,0.0,0.0,0.0,0.0,0.0,0.0,0.0
271,사립,호서대학교,본교(아산),대학,일반대학,충남,2022,0.0,254.1,0.0,127.0,254.2,254.2,0.0,0.0,0.0,0.0,0.0,0.0,254.2,254.2,0.0,127.0
272,사립,호서대학교,산단캠퍼스,대학,일반대학,충남,2022,0.0,254.1,0.0,127.0,0.0,0.0,0.0,0.0,0.0,0.0,0.0,0.0,0.0,254.1,0.0,127.0
273,사립,호서대학교,제2캠퍼스(천안),대학,일반대학,충남,2022,0.0,0.0,0.0,127.0,0.0,0.0,0.0,0.0,0.0,0.0,0.0,0.0,0.0,0.0,0.0,127.0
274,사립,홍익대학교,본교(서울),대학,일반대학,서울,2022,644.9,345.8,273.2,168.2,0.0,0.0,0.0,0.0,0.0,0.0,0.0,0.0,644.9,345.8,273.2,168.2
275,사립,홍익대학교,캠퍼스(세종),대학,일반대학,세종,2022,0.0,255.0,151.3,176.1,0.0,0.0,0.0,0.0,0.0,0.0,0.0,0.0,0.0,255.0,151.3,176.1
276,사립,청운대학교,본교(충남홍성),대학,산업대학,충남,2022,263.2,250.0,0.0,151.9,0.0,0.0,0.0,0.0,236.1,127.9,0.0,0.0,237.4,239.1,0.0,151.9
277,사립,청운대학교,캠퍼스(인천),대학,산업대학,인천,2022,0.0,0.0,0.0,0.0,0.0,0.0,0.0,0.0,0.0,0.0,0.0,0.0,0.0,0.0,0.0,0.0
278,사립,호원대학교,본교(임피),대학,산업대학,전북,2022,0.0,176.8,136.6,109.8,0.0,0.0,0.0,0.0,0.0,0.0,0.0,0.0,0.0,176.8,136.6,109.8
279,사립,호원대학교,산단캠퍼스,대학,산업대학,전북,2022,0.0,0.0,0.0,0.0,0.0,0.0,0.0,0.0,0.0,0.0,0.0,0.0,0.0,0.0,0.0,0.0
280,사립,개신대학원대학교,본교(강북미아),대학,대학원대학,서울,2022,185.9,166.3,0.0,0.0,0.0,0.0,0.0,0.0,0.0,0.0,0.0,0.0,185.9,166.3,0.0,0.0
281,사립,건신대학원대학교,본교(대전중구),대학,대학원대학,대전,2022,0.0,0.0,0.0,0.0,0.0,0.0,0.0,0.0,0.0,0.0,0.0,0.0,0.0,0.0,0.0,0.0
282,사립,경안대학원대학교,본교(안동),대학,대학원대학,경북,2022,0.0,0.0,0.0,0.0,0.0,0.0,0.0,0.0,0.0,0.0,0.0,0.0,0.0,0.0,0.0,0.0
283,사립,계약신학대학원대학교,본교,대학,대학원대학,경기,2022,0.0,0.0,0.0,0.0,0.0,0.0,0.0,0.0,0.0,0.0,0.0,0.0,0.0,0.0,0.0,0.0
284,사립,구세군사관대학원대학교,본교,대학,대학원대학,경기,2022,0.0,187.5,0.0,187.5,0.0,0.0,0.0,0.0,0.0,0.0,0.0,0.0,0.0,187.5,0.0,187.5
285,사립,국제뇌교육종합대학원대학교,본교(천안),대학,대학원대학,충남,2022,0.0,0.0,0.0,0.0,0.0,0.0,0.0,0.0,0.0,0.0,0.0,0.0,0.0,0.0,0.0,0.0
286,사립,국제법률경영대학원대학교,본교,대학,대학원대학,경기,2022,0.0,0.0,0.0,178.1,0.0,0.0,0.0,0.0,0.0,0.0,0.0,0.0,0.0,0.0,0.0,178.1
287,사립,국제신학대학원대학교,본교(서울관악),대학,대학원대학,서울,2022,0.0,0.0,0.0,0.0,0.0,0.0,0.0,0.0,0.0,0.0,0.0,0.0,0.0,0.0,0.0,0.0
288,사립,국제영어대학원대학교,본교(서울강동),대학,대학원대학,서울,2022,0.0,0.0,0.0,0.0,0.0,0.0,0.0,0.0,0.0,0.0,0.0,0.0,0.0,0.0,0.0,0.0
289,사립,능인대학원대학교,본교,대학,대학원대학,경기,2022,0.0,0.0,0.0,0.0,0.0,0.0,0.0,0.0,0.0,0.0,0.0,0.0,0.0,0.0,0.0,0.0
290,사립,대한신학대학원대학교,본교,대학,대학원대학,경기,2022,0.0,0.0,0.0,0.0,0.0,0.0,0.0,0.0,0.0,0.0,0.0,0.0,0.0,0.0,0.0,0.0
291,사립,동방문화대학원대학교,본교(서울성북),대학,대학원대학,서울,2022,0.0,0.0,0.0,0.0,0.0,0.0,0.0,0.0,0.0,0.0,0.0,0.0,0.0,0.0,0.0,0.0
292,사립,베뢰아국제대학원대학교,본교,대학,대학원대학,서울,2022,196.7,98.4,0.0,0.0,0.0,0.0,0.0,0.0,0.0,0.0,0.0,0.0,196.7,98.4,0.0,0.0
293,사립,북한대학원대학교,본교(서울종로),대학,대학원대학,서울,2022,0.0,0.0,0.0,0.0,0.0,0.0,0.0,0.0,0.0,0.0,0.0,0.0,0.0,0.0,0.0,0.0
294,사립,서울과학종합대학원대학교,본교(대현),대학,대학원대학,서울,2022,0.0,0.0,0.0,0.0,0.0,0.0,0.0,0.0,0.0,0.0,0.0,0.0,0.0,0.0,0.0,0.0
295,사립,서울미디어대학원대학교,본교,대학,대학원대학,서울,2022,0.0,0.0,0.0,0.0,0.0,0.0,0.0,0.0,0.0,0.0,0.0,0.0,0.0,0.0,0.0,0.0
296,사립,서울벤처대학원대학교,본교,대학,대학원대학,서울,2022,0.0,0.0,0.0,0.0,0.0,0.0,0.0,0.0,0.0,0.0,0.0,0.0,0.0,0.0,0.0,0.0
297,사립,서울불교대학원대학교,본교(서울금천),대학,대학원대학,서울,2022,0.0,0.0,0.0,0.0,0.0,0.0,0.0,0.0,0.0,0.0,0.0,0.0,0.0,0.0,0.0,0.0
298,사립,서울사회복지대학원대학교,본교(영등포),대학,대학원대학,서울,2022,0.0,0.0,0.0,0.0,0.0,0.0,0.0,0.0,0.0,0.0,0.0,0.0,0.0,0.0,0.0,0.0
299,사립,서울상담심리대학원대학교,본교,대학,대학원대학,서울,2022,0.0,0.0,0.0,0.0,0.0,0.0,0.0,0.0,0.0,0.0,0.0,0.0,0.0,0.0,0.0,0.0
300,사립,서울성경신학대학원대학교,본교(서울동작),대학,대학원대학,서울,2022,0.0,0.0,0.0,0.0,0.0,0.0,0.0,0.0,0.0,0.0,0.0,0.0,0.0,0.0,0.0,0.0
301,사립,서울외국어대학원대학교,본교(서울),대학,대학원대학,서울,2022,0.0,0.0,0.0,0.0,0.0,0.0,0.0,0.0,0.0,0.0,0.0,0.0,0.0,0.0,0.0,0.0
302,사립,선학유피대학원대학교,본교,대학,대학원대학,경기,2022,0.0,144.6,0.0,0.0,0.0,0.0,0.0,0.0,0.0,0.0,0.0,0.0,0.0,144.6,0.0,0.0
303,사립,성산효대학원대학교,본교(인천),대학,대학원대학,인천,2022,0.0,0.0,0.0,0.0,0.0,0.0,0.0,0.0,0.0,0.0,0.0,0.0,0.0,0.0,0.0,0.0
304,사립,성서침례대학원대학교,본교(이천),대학,대학원대학,경기,2022,0.0,0.0,0.0,0.0,0.0,0.0,0.0,0.0,0.0,0.0,0.0,0.0,0.0,0.0,0.0,0.0
305,사립,순복음대학원대학교,본교(서울관악),대학,대학원대학,서울,2022,0.0,0.0,0.0,0.0,0.0,0.0,0.0,0.0,0.0,0.0,0.0,0.0,0.0,0.0,0.0,0.0
306,사립,실천신학대학원대학교,본교(경기),대학,대학원대학,경기,2022,0.0,0.0,0.0,0.0,0.0,0.0,0.0,0.0,0.0,0.0,0.0,0.0,0.0,0.0,0.0,0.0
307,사립,에스라성경대학원대학교,본교(경기고양),대학,대학원대학,경기,2022,0.0,150.0,150.0,150.0,0.0,0.0,0.0,0.0,0.0,0.0,0.0,0.0,0.0,150.0,150.0,150.0
308,사립,예명대학원대학교,본교,대학,대학원대학,경기,2022,0.0,0.0,0.0,0.0,0.0,0.0,0.0,0.0,0.0,0.0,0.0,0.0,0.0,0.0,0.0,0.0
309,사립,온석대학원대학교,본교(경기용인),대학,대학원대학,경기,2022,0.0,0.0,0.0,0.0,0.0,0.0,0.0,0.0,0.0,0.0,0.0,0.0,0.0,0.0,0.0,0.0
310,사립,원불교대학원대학교,본교(전북익산),대학,대학원대학,전북,2022,0.0,0.0,0.0,0.0,0.0,0.0,0.0,0.0,0.0,0.0,0.0,0.0,0.0,0.0,0.0,0.0
311,사립,웨스트민스터신학대학원대학교,본교(경기용인),대학,대학원대학,경기,2022,0.0,0.0,0.0,0.0,0.0,0.0,0.0,0.0,0.0,0.0,0.0,0.0,0.0,0.0,0.0,0.0
312,사립,제네바신학대학원대학교,본교,대학,대학원대학,경기,2022,0.0,0.0,0.0,0.0,0.0,0.0,0.0,0.0,0.0,0.0,0.0,0.0,0.0,0.0,0.0,0.0
313,사립,주안대학원대학교,본교,대학,대학원대학,인천,2022,0.0,0.0,0.0,0.0,0.0,0.0,0.0,0.0,0.0,0.0,0.0,0.0,0.0,0.0,0.0,0.0
314,사립,치유상담대학원대학교,본교,대학,대학원대학,서울,2022,0.0,0.0,0.0,0.0,0.0,0.0,0.0,0.0,0.0,0.0,0.0,0.0,0.0,0.0,0.0,0.0
315,사립,한국상담대학원대학교,본교,대학,대학원대학,서울,2022,0.0,0.0,0.0,0.0,0.0,0.0,0.0,0.0,0.0,0.0,0.0,0.0,0.0,0.0,0.0,0.0
316,사립,한국전력국제원자력대학원대학교,본교,대학,대학원대학,울산,2022,0.0,0.0,0.0,0.0,0.0,0.0,0.0,0.0,0.0,0.0,0.0,0.0,0.0,0.0,0.0,0.0
317,사립,한림국제대학원대학교,본교,대학,대학원대학,서울,2022,0.0,0.0,0.0,0.0,0.0,0.0,0.0,0.0,0.0,0.0,0.0,0.0,0.0,0.0,0.0,0.0
318,사립,한반도국제대학원대학교,본교(효창동),대학,대학원대학,서울,2022,0.0,0.0,0.0,0.0,0.0,0.0,0.0,0.0,0.0,0.0,0.0,0.0,0.0,0.0,0.0,0.0
319,사립,합동신학대학원대학교,본교,대학,대학원대학,경기,2022,0.0,98.2,0.0,81.8,0.0,0.0,0.0,0.0,0.0,0.0,0.0,0.0,0.0,98.2,0.0,81.8
320,사립,횃불트리니티신학대학원대학교,본교(서울서초),대학,대학원대학,서울,2022,0.0,171.1,0.0,0.0,0.0,0.0,0.0,0.0,0.0,0.0,0.0,0.0,0.0,171.1,0.0,0.0
321,국립,경인교육대학교,본교(인천),대학,교육대학,인천,2022,0.0,173.0,0.0,0.0,0.0,258.5,0.0,0.0,0.0,0.0,0.0,0.0,0.0,196.6,0.0,0.0
322,국립,경인교육대학교,제2캠퍼스(경기),대학,교육대학,경기,2022,0.0,0.0,0.0,183.8,0.0,262.8,0.0,0.0,0.0,0.0,0.0,0.0,0.0,262.8,0.0,183.8
323,국립,공주교육대학교,본교(공주),대학,교육대학,충남,2022,0.0,218.2,0.0,0.0,218.2,218.2,0.0,0.0,0.0,0.0,0.0,0.0,218.2,218.2,0.0,0.0
324,국립,광주교육대학교,본교(광주북구),대학,교육대학,광주,2022,0.0,0.0,0.0,0.0,0.0,218.1,0.0,188.4,0.0,0.0,0.0,0.0,0.0,218.1,0.0,188.4
325,국립,대구교육대학교,본교(대구남구),대학,교육대학,대구,2022,0.0,143.5,0.0,112.2,0.0,0.0,0.0,0.0,0.0,0.0,0.0,0.0,0.0,143.5,0.0,112.2
326,국립,부산교육대학교,본교(부산),대학,교육대학,부산,2022,400.0,197.6,0.0,0.0,0.0,213.6,0.0,0.0,0.0,0.0,0.0,0.0,400.0,206.7,0.0,0.0
327,국립,서울교육대학교,본교(서울서초),대학,교육대학,서울,2022,0.0,0.0,0.0,0.0,255.9,255.9,0.0,0.0,0.0,0.0,0.0,0.0,255.9,255.9,0.0,0.0
328,국립,전주교육대학교,본교(전주),대학,교육대학,전북,2022,0.0,129.3,0.0,0.0,236.6,157.8,157.8,0.0,0.0,0.0,0.0,0.0,236.6,144.4,157.8,0.0
329,국립,진주교육대학교,본교(진주),대학,교육대학,경남,2022,0.0,221.1,0.0,0.0,0.0,0.0,0.0,0.0,0.0,0.0,0.0,0.0,0.0,221.1,0.0,0.0
330,국립,청주교육대학교,본교(청주),대학,교육대학,충북,2022,291.3,153.3,0.0,0.0,425.7,224.0,0.0,0.0,0.0,0.0,0.0,0.0,340.9,209.0,0.0,0.0
331,국립,춘천교육대학교,본교(춘천),대학,교육대학,강원,2022,0.0,174.0,0.0,0.0,213.0,213.0,0.0,0.0,0.0,0.0,0.0,0.0,213.0,201.5,0.0,0.0
332,공립,서울시립대학교,본교,대학,공립대학,서울,2022,233.8,233.8,163.1,0.0,0.0,0.0,0.0,0.0,0.0,0.0,0.0,0.0,233.8,233.8,163.1,0.0
333,사립,가톨릭상지대학교,본교,전문,일반대학,경북,2022,245.9,154.1,148.6,143.2,0.0,0.0,0.0,0.0,0.0,0.0,0.0,0.0,245.9,154.1,148.6,143.2
334,사립,강동대학교,본교,전문,일반대학,충북,2022,0.0,131.6,0.0,131.6,0.0,0.0,0.0,0.0,0.0,0.0,0.0,0.0,0.0,131.6,0.0,131.6
335,사립,강릉영동대학교,본교,전문,일반대학,강원,2022,219.6,219.6,0.0,0.0,257.1,266.9,0.0,212.1,0.0,0.0,0.0,0.0,227.1,251.3,0.0,212.1
336,사립,강원관광대학교,본교,전문,일반대학,강원,2022,0.0,0.0,0.0,0.0,0.0,0.0,0.0,0.0,0.0,0.0,0.0,0.0,0.0,0.0,0.0,0.0
337,사립,거제대학교,본교,전문,일반대학,경남,2022,0.0,165.0,111.4,92.1,0.0,0.0,0.0,0.0,0.0,0.0,0.0,0.0,0.0,165.0,111.4,92.1
338,사립,경기과학기술대학교,본교,전문,일반대학,경기,2022,229.6,229.6,152.1,183.7,0.0,0.0,0.0,0.0,0.0,0.0,0.0,0.0,229.6,229.6,152.1,183.7
339,사립,경남정보대학교,본교,전문,일반대학,부산,2022,157.5,157.5,0.0,0.0,0.0,0.0,0.0,0.0,0.0,0.0,0.0,0.0,157.5,157.5,0.0,0.0
340,사립,경남정보대학교,산단캠퍼스,전문,일반대학,부산,2022,0.0,0.0,0.0,0.0,0.0,0.0,0.0,0.0,0.0,0.0,0.0,0.0,0.0,0.0,0.0,0.0
341,사립,경민대학교,본교,전문,일반대학,경기,2022,297.3,250.8,0.0,0.0,0.0,0.0,0.0,0.0,0.0,256.8,0.0,0.0,297.3,251.3,0.0,0.0
342,사립,경복대학교,본교(남양주),전문,일반대학,경기,2022,0.0,274.8,0.0,0.0,0.0,0.0,0.0,0.0,0.0,0.0,0.0,0.0,0.0,274.8,0.0,0.0
343,사립,경복대학교,제2캠퍼스(남양주),전문,일반대학,경기,2022,0.0,274.8,190.7,0.0,0.0,0.0,0.0,0.0,0.0,0.0,0.0,0.0,0.0,274.8,190.7,0.0
344,사립,경북과학대학교,본교,전문,일반대학,경북,2022,0.0,138.9,146.7,138.9,0.0,0.0,0.0,0.0,0.0,0.0,0.0,0.0,0.0,138.9,146.7,138.9
345,사립,경북보건대학교,본교(김천),전문,일반대학,경북,2022,0.0,203.8,196.6,201.5,0.0,0.0,0.0,0.0,0.0,0.0,0.0,240.0,0.0,203.8,196.6,202.1
346,사립,경북전문대학교,본교,전문,일반대학,경북,2022,0.0,266.0,228.5,0.0,0.0,0.0,0.0,0.0,0.0,0.0,0.0,0.0,0.0,266.0,228.5,0.0
347,사립,경인여자대학교,본교,전문,일반대학,인천,2022,0.0,0.0,0.0,0.0,0.0,0.0,0.0,0.0,0.0,0.0,0.0,0.0,0.0,0.0,0.0,0.0
348,사립,계명문화대학교,본교(성서),전문,일반대학,대구,2022,180.5,162.9,0.0,136.6,0.0,0.0,0.0,0.0,0.0,151.3,0.0,0.0,180.5,160.6,0.0,136.6
349,사립,계원예술대학교,본교(경기),전문,일반대학,경기,2022,0.0,0.0,0.0,0.0,0.0,0.0,0.0,0.0,0.0,0.0,0.0,0.0,0.0,0.0,0.0,0.0
350,사립,고구려대학교,본교,전문,일반대학,전남,2022,0.0,0.0,213.1,0.0,0.0,0.0,0.0,0.0,0.0,0.0,0.0,0.0,0.0,0.0,213.1,0.0
351,사립,광양보건대학교,본교(전남),전문,일반대학,전남,2022,0.0,0.0,0.0,0.0,0.0,0.0,0.0,0.0,0.0,0.0,0.0,0.0,0.0,0.0,0.0,0.0
352,사립,광주보건대학교,본교(신창동),전문,일반대학,광주,2022,170.6,170.6,0.0,0.0,0.0,0.0,0.0,0.0,0.0,0.0,0.0,0.0,170.6,170.6,0.0,0.0
353,사립,구미대학교,본교,전문,일반대학,경북,2022,293.6,276.4,273.1,274.9,0.0,0.0,0.0,0.0,0.0,0.0,0.0,0.0,293.6,276.4,273.1,274.9
354,사립,구미대학교,산단캠퍼스,전문,일반대학,경북,2022,0.0,0.0,0.0,0.0,0.0,0.0,0.0,0.0,0.0,0.0,0.0,0.0,0.0,0.0,0.0,0.0
355,사립,국제대학교,본교(송탄),전문,일반대학,경기,2022,488.9,244.4,0.0,99.5,0.0,0.0,0.0,0.0,0.0,0.0,0.0,0.0,488.9,244.4,0.0,99.5
356,사립,군산간호대학교,본교(군산),전문,일반대학,전북,2022,0.0,0.0,0.0,145.9,0.0,0.0,0.0,0.0,0.0,0.0,0.0,0.0,0.0,0.0,0.0,145.9
357,사립,군장대학교,본교,전문,일반대학,전북,2022,0.0,199.2,182.1,165.0,0.0,0.0,0.0,0.0,0.0,0.0,0.0,0.0,0.0,199.2,182.1,165.0
358,사립,군장대학교,산단캠퍼스,전문,일반대학,전북,2022,0.0,0.0,0.0,0.0,0.0,0.0,0.0,0.0,0.0,0.0,0.0,0.0,0.0,0.0,0.0,0.0
359,사립,기독간호대학교,본교,전문,일반대학,광주,2022,114.5,114.5,0.0,0.0,0.0,0.0,0.0,0.0,0.0,0.0,0.0,0.0,114.5,114.5,0.0,0.0
360,사립,김포대학교,본교(김포),전문,일반대학,경기,2022,0.0,0.0,0.0,0.0,0.0,0.0,0.0,0.0,0.0,0.0,0.0,0.0,0.0,0.0,0.0,0.0
361,사립,김해대학교,본교,전문,일반대학,경남,2022,0.0,199.3,0.0,110.3,0.0,0.0,0.0,0.0,0.0,0.0,0.0,0.0,0.0,199.3,0.0,110.3
362,사립,농협대학교,본교,전문,일반대학,경기,2022,162.2,162.2,162.2,0.0,0.0,0.0,0.0,0.0,0.0,0.0,0.0,0.0,162.2,162.2,162.2,0.0
363,사립,대경대학교,남양주,전문,일반대학,경기,2022,0.0,0.0,0.0,0.0,0.0,0.0,0.0,0.0,0.0,0.0,0.0,0.0,0.0,0.0,0.0,0.0
364,사립,대경대학교,본교,전문,일반대학,경북,2022,217.2,178.6,194.0,110.0,106.5,213.0,0.0,0.0,0.0,0.0,0.0,0.0,207.6,196.9,194.0,110.0
365,사립,대구공업대학교,본교(대구달서),전문,일반대학,대구,2022,0.0,202.9,0.0,111.8,0.0,0.0,0.0,0.0,0.0,0.0,0.0,0.0,0.0,202.9,0.0,111.8
366,사립,대구과학대학교,본교(대구),전문,일반대학,대구,2022,0.0,142.3,0.0,0.0,0.0,0.0,0.0,0.0,0.0,0.0,0.0,0.0,0.0,142.3,0.0,0.0
367,사립,대구보건대학교,본교(대구북구),전문,일반대학,대구,2022,0.0,197.3,0.0,0.0,0.0,0.0,0.0,0.0,0.0,0.0,0.0,0.0,0.0,197.3,0.0,0.0
368,사립,대덕대학교,본교,전문,일반대학,대전,2022,0.0,187.5,0.0,93.8,0.0,0.0,0.0,0.0,0.0,0.0,0.0,0.0,0.0,187.5,0.0,93.8
369,사립,대동대학교,본교(부산),전문,일반대학,부산,2022,148.7,135.9,115.4,0.0,0.0,0.0,0.0,0.0,0.0,0.0,0.0,0.0,148.7,135.9,115.4,0.0
370,사립,대림대학교,본교(안양),전문,일반대학,경기,2022,0.0,0.0,0.0,0.0,0.0,0.0,0.0,0.0,0.0,195.7,0.0,195.7,0.0,195.7,0.0,195.7
371,사립,대원대학교,본교(제천),전문,일반대학,충북,2022,0.0,235.5,156.0,169.3,0.0,0.0,0.0,0.0,0.0,0.0,0.0,0.0,0.0,235.5,156.0,169.3
372,사립,대전과학기술대학교,본교(대전),전문,일반대학,대전,2022,385.7,242.9,0.0,0.0,0.0,0.0,0.0,0.0,0.0,0.0,0.0,0.0,385.7,242.9,0.0,0.0
373,사립,대전보건대학교,본교(대전),전문,일반대학,대전,2022,284.3,189.0,174.0,159.0,0.0,228.0,228.0,0.0,0.0,0.0,0.0,0.0,284.3,189.5,209.6,159.0
374,사립,동강대학교,본교,전문,일반대학,광주,2022,142.0,142.0,115.2,115.2,0.0,0.0,0.0,0.0,0.0,0.0,0.0,0.0,142.0,142.0,115.2,115.2
375,사립,동남보건대학교,본교(경기),전문,일반대학,경기,2022,0.0,0.0,0.0,0.0,0.0,0.0,0.0,0.0,0.0,0.0,0.0,0.0,0.0,0.0,0.0,0.0
376,사립,동서울대학교,본교(경기성남),전문,일반대학,경기,2022,511.6,404.5,0.0,286.0,0.0,0.0,0.0,0.0,0.0,0.0,0.0,0.0,511.6,404.5,0.0,286.0
377,사립,동아방송예술대학교,본교(경기안성),전문,일반대학,경기,2022,230.2,152.6,152.6,0.0,0.0,0.0,0.0,0.0,0.0,0.0,0.0,0.0,230.2,152.6,152.6,0.0
378,사립,동아보건대학교,본교(전남영암),전문,일반대학,전남,2022,0.0,138.1,0.0,0.0,0.0,0.0,0.0,0.0,0.0,0.0,0.0,0.0,0.0,138.1,0.0,0.0
379,사립,동양미래대학교,본교(서울구로),전문,일반대학,서울,2022,0.0,233.6,180.5,180.5,0.0,0.0,0.0,0.0,0.0,0.0,0.0,0.0,0.0,233.6,180.5,180.5
380,사립,동원과학기술대학교,본교,전문,일반대학,경남,2022,0.0,192.7,0.0,151.4,0.0,0.0,0.0,0.0,0.0,0.0,0.0,0.0,0.0,192.7,0.0,151.4
381,사립,동원대학교,본교,전문,일반대학,경기,2022,0.0,226.9,212.7,0.0,0.0,0.0,0.0,0.0,0.0,0.0,0.0,0.0,0.0,226.9,212.7,0.0
382,사립,동의과학대학교,본교,전문,일반대학,부산,2022,0.0,105.0,0.0,146.8,0.0,0.0,0.0,0.0,0.0,0.0,0.0,0.0,0.0,105.0,0.0,146.8
383,사립,동주대학교,본교,전문,일반대학,부산,2022,0.0,160.2,152.7,119.1,0.0,0.0,0.0,0.0,0.0,0.0,0.0,0.0,0.0,160.2,152.7,119.1
384,사립,두원공과대학교,본교(안성),전문,일반대학,경기,2022,0.0,0.0,150.0,150.0,0.0,0.0,0.0,0.0,0.0,0.0,0.0,0.0,0.0,0.0,150.0,150.0
385,사립,두원공과대학교,제2캠퍼스(파주),전문,일반대학,경기,2022,0.0,197.3,183.8,170.3,0.0,0.0,0.0,0.0,0.0,0.0,0.0,0.0,0.0,197.3,183.8,170.3
386,사립,마산대학교,본교(마산),전문,일반대학,경남,2022,226.9,113.4,98.9,63.0,0.0,0.0,0.0,0.0,0.0,0.0,0.0,0.0,226.9,113.4,98.9,63.0
387,사립,마산대학교,산단캠퍼스,전문,일반대학,경남,2022,0.0,0.0,0.0,0.0,0.0,0.0,0.0,0.0,0.0,0.0,0.0,0.0,0.0,0.0,0.0,0.0
388,사립,명지전문대학,본교,전문,일반대학,서울,2022,280.0,280.0,266.0,266.0,0.0,0.0,0.0,0.0,0.0,0.0,0.0,0.0,280.0,280.0,266.0,266.0
389,사립,목포과학대학교,본교(양을),전문,일반대학,전남,2022,236.8,176.3,139.5,0.0,0.0,0.0,0.0,0.0,0.0,0.0,0.0,0.0,236.8,176.3,139.5,0.0
390,사립,문경대학교,본교(문경),전문,일반대학,경북,2022,0.0,0.0,0.0,150.0,0.0,0.0,0.0,0.0,0.0,0.0,0.0,0.0,0.0,0.0,0.0,150.0
391,사립,배화여자대학교,본교(서울종로),전문,일반대학,서울,2022,0.0,0.0,0.0,0.0,0.0,0.0,0.0,0.0,0.0,0.0,0.0,0.0,0.0,0.0,0.0,0.0
392,사립,백석문화대학교,본교(천안),전문,일반대학,충남,2022,0.0,202.7,0.0,121.6,0.0,0.0,0.0,0.0,0.0,0.0,0.0,0.0,0.0,202.7,0.0,121.6
393,사립,백제예술대학교,본교(전북완주),전문,일반대학,전북,2022,0.0,318.6,259.6,0.0,0.0,0.0,0.0,0.0,0.0,0.0,0.0,0.0,0.0,318.6,259.6,0.0
394,사립,부산경상대학교,본교,전문,일반대학,부산,2022,150.0,150.0,0.0,98.0,0.0,0.0,0.0,0.0,0.0,0.0,0.0,0.0,150.0,150.0,0.0,98.0
395,사립,부산과학기술대학교,본교,전문,일반대학,부산,2022,240.7,185.8,179.4,175.7,0.0,0.0,0.0,0.0,275.9,0.0,0.0,0.0,245.5,185.8,179.4,175.7
396,사립,부산여자대학교,본교,전문,일반대학,부산,2022,0.0,158.0,0.0,158.0,0.0,0.0,0.0,0.0,0.0,0.0,0.0,0.0,0.0,158.0,0.0,158.0
397,사립,부산예술대학교,본교,전문,일반대학,부산,2022,0.0,156.8,0.0,123.8,0.0,0.0,0.0,0.0,0.0,0.0,0.0,0.0,0.0,156.8,0.0,123.8
398,사립,부천대학교,본교,전문,일반대학,경기,2022,0.0,244.6,195.7,0.0,0.0,0.0,0.0,0.0,0.0,0.0,0.0,0.0,0.0,244.6,195.7,0.0
399,사립,부천대학교,캠퍼스(소사),전문,일반대학,경기,2022,324.0,324.0,0.0,0.0,0.0,0.0,0.0,0.0,0.0,0.0,0.0,0.0,324.0,324.0,0.0,0.0
400,사립,삼육보건대학교,본교,전문,일반대학,서울,2022,0.0,0.0,0.0,0.0,0.0,0.0,0.0,0.0,0.0,0.0,0.0,0.0,0.0,0.0,0.0,0.0
401,사립,서라벌대학교,본교,전문,일반대학,경북,2022,252.1,176.5,0.0,0.0,0.0,0.0,0.0,0.0,0.0,0.0,0.0,0.0,252.1,176.5,0.0,0.0
402,사립,서영대학교,본교(광주),전문,일반대학,광주,2022,0.0,167.6,0.0,0.0,0.0,0.0,0.0,0.0,0.0,0.0,0.0,0.0,0.0,167.6,0.0,0.0
403,사립,서영대학교,캠퍼스(파주),전문,일반대학,광주,2022,0.0,0.0,0.0,0.0,275.6,275.6,0.0,0.0,0.0,0.0,0.0,0.0,275.6,275.6,0.0,0.0
404,사립,서울여자간호대학교,본교(서울홍제),전문,일반대학,서울,2022,0.0,0.0,0.0,0.0,0.0,0.0,0.0,0.0,0.0,0.0,0.0,0.0,0.0,0.0,0.0,0.0
405,사립,서울예술대학교,본교(안산),전문,일반대학,경기,2022,0.0,0.0,0.0,0.0,289.5,289.5,0.0,0.0,0.0,0.0,0.0,0.0,289.5,289.5,0.0,0.0
406,사립,서일대학교,본교,전문,일반대학,서울,2022,0.0,0.0,0.0,0.0,0.0,0.0,0.0,0.0,0.0,0.0,0.0,0.0,0.0,0.0,0.0,0.0
407,사립,서정대학교,본교(경기),전문,일반대학,경기,2022,0.0,339.1,313.0,209.8,0.0,0.0,0.0,0.0,0.0,0.0,0.0,0.0,0.0,339.1,313.0,209.8
408,사립,선린대학교,본교,전문,일반대학,경북,2022,218.2,136.4,95.5,0.0,0.0,0.0,0.0,0.0,0.0,0.0,0.0,0.0,218.2,136.4,95.5,0.0
409,사립,성운대학교,본교(영천),전문,일반대학,경북,2022,0.0,0.0,0.0,0.0,0.0,0.0,0.0,0.0,0.0,0.0,0.0,0.0,0.0,0.0,0.0,0.0
410,사립,세경대학교,본교,전문,일반대학,강원,2022,0.0,169.3,0.0,0.0,0.0,0.0,0.0,0.0,0.0,0.0,0.0,0.0,0.0,169.3,0.0,0.0
411,사립,송곡대학교,본교,전문,일반대학,강원,2022,0.0,0.0,0.0,165.8,0.0,0.0,0.0,0.0,0.0,0.0,0.0,0.0,0.0,0.0,0.0,165.8
412,사립,송호대학교,본교,전문,일반대학,강원,2022,0.0,0.0,0.0,132.7,0.0,0.0,0.0,0.0,0.0,0.0,0.0,0.0,0.0,0.0,0.0,132.7
413,사립,수성대학교,본교(대구),전문,일반대학,대구,2022,0.0,0.0,136.4,0.0,255.2,255.2,0.0,0.0,0.0,0.0,0.0,0.0,255.2,255.2,136.4,0.0
414,사립,수원과학대학교,본교,전문,일반대학,경기,2022,0.0,0.0,0.0,0.0,0.0,0.0,0.0,0.0,0.0,0.0,0.0,0.0,0.0,0.0,0.0,0.0
415,사립,수원여자대학교,본교(인제),전문,일반대학,경기,2022,0.0,0.0,0.0,0.0,0.0,0.0,0.0,0.0,0.0,0.0,0.0,0.0,0.0,0.0,0.0,0.0
416,사립,수원여자대학교,제2캠퍼스(해란),전문,일반대학,경기,2022,0.0,0.0,0.0,0.0,0.0,0.0,0.0,0.0,0.0,0.0,0.0,0.0,0.0,0.0,0.0,0.0
417,사립,순천제일대학교,본교(전남순천),전문,일반대학,전남,2022,0.0,199.7,0.0,0.0,0.0,0.0,0.0,0.0,0.0,0.0,0.0,0.0,0.0,199.7,0.0,0.0
418,사립,숭의여자대학교,본교(서울),전문,일반대학,서울,2022,0.0,0.0,0.0,0.0,0.0,0.0,0.0,0.0,0.0,0.0,0.0,0.0,0.0,0.0,0.0,0.0
419,사립,신구대학교,본교,전문,일반대학,경기,2022,158.4,251.7,97.8,192.0,0.0,0.0,0.0,0.0,0.0,0.0,0.0,0.0,158.4,251.7,97.8,192.0
420,사립,신성대학교,본교,전문,일반대학,충남,2022,0.0,219.7,139.4,0.0,0.0,0.0,0.0,0.0,0.0,0.0,0.0,0.0,0.0,219.7,139.4,0.0
421,사립,신안산대학교,본교(안산),전문,일반대학,경기,2022,0.0,0.0,0.0,0.0,0.0,0.0,0.0,0.0,0.0,0.0,0.0,0.0,0.0,0.0,0.0,0.0
422,사립,아주자동차대학,본교(충남보령),전문,일반대학,충남,2022,0.0,150.2,198.0,144.7,0.0,0.0,0.0,0.0,0.0,0.0,0.0,0.0,0.0,150.2,198.0,144.7
423,사립,안동과학대학교,본교(안동),전문,일반대학,경북,2022,96.4,0.0,0.0,96.4,0.0,0.0,0.0,0.0,0.0,0.0,0.0,0.0,96.4,0.0,0.0,96.4
424,사립,안산대학교,본교,전문,일반대학,경기,2022,334.8,270.5,0.0,324.1,0.0,0.0,0.0,0.0,0.0,0.0,0.0,0.0,334.8,270.5,0.0,324.1
425,사립,여주대학교,본교(경기여주),전문,일반대학,경기,2022,472.4,247.8,0.0,150.0,0.0,0.0,0.0,0.0,0.0,0.0,0.0,117.7,472.4,247.8,0.0,141.8
426,사립,연성대학교,본교(경기),전문,일반대학,경기,2022,292.4,287.2,0.0,175.4,0.0,0.0,0.0,0.0,0.0,0.0,0.0,0.0,292.4,287.2,0.0,175.4
427,사립,연암공과대학교,본교(경남진주),전문,일반대학,경남,2022,0.0,144.7,119.9,0.0,0.0,0.0,0.0,0.0,0.0,0.0,0.0,0.0,0.0,144.7,119.9,0.0
428,사립,연암대학교,본교,전문,일반대학,충남,2022,0.0,163.6,0.0,0.0,0.0,0.0,0.0,0.0,0.0,0.0,0.0,0.0,0.0,163.6,0.0,0.0
429,사립,영남외국어대학,본교(경산),전문,일반대학,경북,2022,0.0,106.4,0.0,106.4,0.0,0.0,0.0,0.0,0.0,0.0,0.0,0.0,0.0,106.4,0.0,106.4
430,사립,영남이공대학교,본교(대구대명),전문,일반대학,대구,2022,0.0,190.0,0.0,150.0,238.5,238.5,0.0,0.0,0.0,0.0,0.0,0.0,238.5,228.3,0.0,150.0
431,사립,영진전문대학교,복현,전문,일반대학,대구,2022,0.0,185.4,0.0,0.0,0.0,0.0,0.0,0.0,271.1,136.2,0.0,0.0,271.1,166.9,0.0,0.0
432,사립,영진전문대학교,글로벌,전문,일반대학,경북,2022,265.5,180.5,0.0,0.0,0.0,0.0,0.0,0.0,0.0,0.0,0.0,0.0,265.5,180.5,0.0,0.0
433,사립,오산대학교,본교,전문,일반대학,경기,2022,0.0,0.0,0.0,0.0,0.0,0.0,0.0,0.0,445.5,152.6,0.0,0.0,445.5,152.6,0.0,0.0
434,사립,용인예술과학대학교,본교,전문,일반대학,경기,2022,0.0,145.8,104.0,0.0,0.0,0.0,0.0,0.0,0.0,0.0,0.0,0.0,0.0,145.8,104.0,0.0
435,사립,우송정보대학,본교(대전),전문,일반대학,대전,2022,195.0,163.7,156.0,129.3,0.0,0.0,0.0,0.0,0.0,0.0,0.0,0.0,195.0,163.7,156.0,129.3
436,사립,울산과학대학교,본교(동부),전문,일반대학,울산,2022,253.5,253.7,0.0,0.0,0.0,0.0,0.0,0.0,0.0,0.0,0.0,0.0,253.5,253.7,0.0,0.0
437,사립,웅지세무대학교,본교(파주),전문,일반대학,경기,2022,0.0,0.0,0.0,0.0,0.0,0.0,0.0,228.8,0.0,0.0,0.0,0.0,0.0,0.0,0.0,228.8
438,사립,원광보건대학교,본교,전문,일반대학,전북,2022,0.0,0.0,0.0,0.0,0.0,210.3,0.0,0.0,0.0,0.0,0.0,0.0,0.0,210.3,0.0,0.0
439,사립,유한대학교,본교(경기),전문,일반대학,경기,2022,0.0,0.0,0.0,0.0,0.0,0.0,0.0,0.0,0.0,0.0,0.0,0.0,0.0,0.0,0.0,0.0
440,사립,인덕대학교,본교(서울),전문,일반대학,서울,2022,0.0,0.0,0.0,145.2,0.0,0.0,0.0,0.0,0.0,0.0,0.0,0.0,0.0,0.0,0.0,145.2
441,사립,인천재능대학교,본교,전문,일반대학,인천,2022,0.0,0.0,0.0,0.0,0.0,0.0,0.0,0.0,0.0,0.0,0.0,0.0,0.0,0.0,0.0,0.0
442,사립,인천재능대학교,제2캠퍼스(송도),전문,일반대학,인천,2022,0.0,0.0,0.0,0.0,261.0,261.0,261.0,0.0,0.0,0.0,0.0,0.0,261.0,261.0,261.0,0.0
443,사립,인하공업전문대학,본교,전문,일반대학,인천,2022,0.0,309.0,0.0,290.4,0.0,0.0,0.0,0.0,0.0,0.0,0.0,0.0,0.0,309.0,0.0,290.4
444,사립,장안대학교,본교,전문,일반대학,경기,2022,0.0,295.1,0.0,0.0,0.0,0.0,0.0,0.0,0.0,0.0,0.0,0.0,0.0,295.1,0.0,0.0
445,사립,전남과학대학교,본교(곡성옥과),전문,일반대학,전남,2022,75.7,75.7,75.7,75.7,0.0,0.0,0.0,0.0,0.0,0.0,0.0,0.0,75.7,75.7,75.7,75.7
446,사립,전북과학대학교,본교(전북정읍),전문,일반대학,전북,2022,128.2,0.0,0.0,111.4,0.0,0.0,0.0,0.0,0.0,0.0,0.0,0.0,128.2,0.0,0.0,111.4
447,사립,전주기전대학,본교,전문,일반대학,전북,2022,316.1,182.1,0.0,128.6,0.0,0.0,0.0,0.0,0.0,0.0,0.0,0.0,316.1,182.1,0.0,128.6
448,사립,전주비전대학교,본교(효자),전문,일반대학,전북,2022,0.0,162.3,0.0,0.0,225.0,225.0,0.0,0.0,0.0,0.0,0.0,0.0,225.0,197.7,0.0,0.0
449,사립,제주관광대학교,본교(광령),전문,일반대학,제주,2022,0.0,206.5,0.0,0.0,406.7,263.1,0.0,0.0,0.0,0.0,0.0,0.0,406.7,239.7,0.0,0.0
450,사립,제주한라대학교,본교(제주노형),전문,일반대학,제주,2022,0.0,218.2,0.0,163.6,0.0,0.0,0.0,0.0,0.0,0.0,0.0,0.0,0.0,218.2,0.0,163.6
451,사립,조선간호대학교,본교,전문,일반대학,광주,2022,0.0,0.0,0.0,0.0,0.0,0.0,0.0,0.0,0.0,0.0,0.0,0.0,0.0,0.0,0.0,0.0
452,사립,조선이공대학교,본교,전문,일반대학,광주,2022,0.0,120.0,0.0,0.0,0.0,0.0,0.0,0.0,0.0,0.0,0.0,0.0,0.0,120.0,0.0,0.0
453,사립,진주보건대학교,본교(진주상봉),전문,일반대학,경남,2022,255.0,170.0,0.0,184.3,0.0,0.0,0.0,0.0,0.0,0.0,0.0,0.0,255.0,170.0,0.0,184.3
454,사립,창원문성대학교,본교(두대),전문,일반대학,경남,2022,0.0,180.0,0.0,0.0,0.0,0.0,0.0,0.0,0.0,0.0,0.0,0.0,0.0,180.0,0.0,0.0
455,사립,청강문화산업대학교,본교,전문,일반대학,경기,2022,0.0,134.7,0.0,134.7,0.0,0.0,0.0,0.0,0.0,0.0,0.0,0.0,0.0,134.7,0.0,134.7
456,사립,청암대학교,본교,전문,일반대학,전남,2022,0.0,215.5,0.0,128.2,0.0,0.0,0.0,0.0,0.0,0.0,0.0,0.0,0.0,215.5,0.0,128.2
457,사립,춘해보건대학교,본교(울산),전문,일반대학,울산,2022,171.4,161.5,0.0,0.0,0.0,0.0,0.0,0.0,0.0,0.0,0.0,0.0,171.4,161.5,0.0,0.0
458,사립,충북보건과학대학교,본교,전문,일반대학,충북,2022,0.0,0.0,127.9,103.3,203.6,203.6,0.0,0.0,0.0,0.0,0.0,0.0,203.6,203.6,127.9,103.3
459,사립,충청대학교,본교,전문,일반대학,충북,2022,0.0,174.1,120.5,0.0,0.0,0.0,0.0,0.0,0.0,0.0,0.0,0.0,0.0,174.1,120.5,0.0
460,사립,포항대학교,본교,전문,일반대학,경북,2022,200.9,133.9,0.0,133.9,0.0,0.0,0.0,0.0,0.0,0.0,0.0,0.0,200.9,133.9,0.0,133.9
461,사립,한국골프대학교,본교,전문,일반대학,강원,2022,185.4,185.4,0.0,185.4,0.0,0.0,0.0,0.0,0.0,0.0,0.0,0.0,185.4,185.4,0.0,185.4
462,사립,한국관광대학교,본교(경기이천),전문,일반대학,경기,2022,0.0,165.1,165.1,165.1,0.0,0.0,0.0,0.0,0.0,0.0,0.0,0.0,0.0,165.1,165.1,165.1
463,국립,한국복지대학교,본교,전문,일반대학,경기,2022,259.1,166.1,0.0,0.0,434.5,276.0,0.0,0.0,0.0,0.0,0.0,0.0,339.7,214.0,0.0,0.0
464,사립,한국승강기대학교,본교,전문,일반대학,경남,2022,0.0,159.0,0.0,107.1,0.0,0.0,0.0,0.0,0.0,0.0,0.0,0.0,0.0,159.0,0.0,107.1
465,사립,한국영상대학교,본교,전문,일반대학,세종,2022,0.0,248.9,0.0,257.9,0.0,0.0,0.0,0.0,0.0,0.0,0.0,0.0,0.0,248.9,0.0,257.9
466,사립,한림성심대학교,본교(강원춘천),전문,일반대학,강원,2022,0.0,0.0,181.6,0.0,0.0,0.0,0.0,0.0,0.0,0.0,0.0,0.0,0.0,0.0,181.6,0.0
467,사립,한양여자대학교,본교,전문,일반대학,서울,2022,0.0,0.0,0.0,0.0,0.0,0.0,0.0,0.0,0.0,0.0,0.0,0.0,0.0,0.0,0.0,0.0
468,사립,한영대학교,본교(여수),전문,일반대학,전남,2022,0.0,0.0,0.0,0.0,0.0,0.0,0.0,0.0,0.0,0.0,0.0,0.0,0.0,0.0,0.0,0.0
469,사립,혜전대학교,본교(충남홍성),전문,일반대학,충남,2022,0.0,0.0,0.0,156.6,0.0,0.0,0.0,0.0,0.0,165.6,0.0,0.0,0.0,165.6,0.0,156.6
470,사립,호산대학교,본교(하양),전문,일반대학,경북,2022,0.0,0.0,113.2,113.2,0.0,0.0,0.0,0.0,0.0,0.0,0.0,0.0,0.0,0.0,113.2,113.2
471,공립,강원도립대학교,본교,전문,공립대학,강원,2022,0.0,124.3,0.0,62.1,0.0,0.0,0.0,0.0,0.0,0.0,0.0,0.0,0.0,124.3,0.0,62.1
472,공립,경남도립거창대학,본교,전문,공립대학,경남,2022,0.0,182.6,0.0,104.3,0.0,0.0,0.0,0.0,0.0,0.0,0.0,0.0,0.0,182.6,0.0,104.3
473,공립,경남도립남해대학,본교,전문,공립대학,경남,2022,0.0,132.1,0.0,88.1,0.0,0.0,0.0,0.0,0.0,0.0,0.0,0.0,0.0,132.1,0.0,88.1
474,공립,경북도립대학교,본교,전문,공립대학,경북,2022,0.0,109.1,0.0,59.1,0.0,0.0,0.0,0.0,0.0,0.0,0.0,0.0,0.0,109.1,0.0,59.1
475,공립,전남도립대학교,본교(담양),전문,공립대학,전남,2022,0.0,116.4,0.0,77.6,0.0,0.0,0.0,0.0,0.0,0.0,0.0,0.0,0.0,116.4,0.0,77.6
476,공립,충남도립대학교,본교,전문,공립대학,충남,2022,323.2,165.9,130.4,0.0,0.0,0.0,0.0,0.0,0.0,0.0,0.0,0.0,323.2,165.9,130.4,0.0
477,공립,충북도립대학교,산단캠퍼스,전문,공립대학,충북,2022,0.0,0.0,0.0,0.0,0.0,0.0,0.0,0.0,0.0,0.0,0.0,0.0,0.0,0.0,0.0,0.0
478,공립,충북도립대학교,본교,전문,공립대학,충북,2022,0.0,0.0,83.0,83.0,0.0,0.0,0.0,0.0,0.0,0.0,0.0,0.0,0.0,0.0,83.0,83.0
