번호,설립,학교명,캠퍼스명,학급,학종,지역,조사연도,기숙사 형태,카드납부 실시여부,현금분할납부,
,,,,,,,,,,실시여부,분할횟수
1,사립,가야대학교,김해캠퍼스,대학,일반대학,경남,2022,직영,미실시,미실시,0
2,사립,가천대학교,메디컬캠퍼스,대학,일반대학,인천,2022,직영,미실시,미실시,0
3,사립,가천대학교,성남글로벌캠퍼스,대학,일반대학,경기,2022,직영,미실시,미실시,0
4,사립,가천대학교,강화캠퍼스,대학,일반대학,인천,2022,직영,미실시,미실시,0
5,사립,가톨릭관동대학교,본교(강릉),대학,일반대학,강원,2022,직영,미실시,미실시,0
6,사립,가톨릭꽃동네대학교,본교(충북청원),대학,일반대학,충북,2022,직영,미실시,미실시,0
7,사립,가톨릭대학교,성신캠퍼스,대학,일반대학,서울,2022,직영,미실시,미실시,0
8,사립,가톨릭대학교,성의캠퍼스,대학,일반대학,서울,2022,직영,미실시,실시,2
9,사립,가톨릭대학교,성심캠퍼스,대학,일반대학,경기,2022,직영,미실시,미실시,0
10,사립,감리교신학대학교,본교(서울),대학,일반대학,서울,2022,직영,미실시,실시,2
11,사립,강남대학교,본교(경기),대학,일반대학,경기,2022,직영,미실시,미실시,0
12,국립,강릉원주대학교,본교(강릉),대학,일반대학,강원,2022,민자,실시,미실시,0
13,국립,강릉원주대학교,본교(강릉),대학,일반대학,강원,2022,직영,실시,미실시,0
14,국립,강릉원주대학교,제2캠퍼스(원주),대학,일반대학,강원,2022,직영,실시,미실시,0
15,국립,강릉원주대학교,제2캠퍼스(원주),대학,일반대학,강원,2022,민자,실시,미실시,0
16,사립,강서대학교,본교(서울),대학,일반대학,서울,2022,직영,미실시,미실시,0
17,국립,강원대학교,본교(춘천),대학,일반대학,강원,2022,직영,실시,실시,2
18,국립,강원대학교,본교(춘천),대학,일반대학,강원,2022,민자,실시,실시,2
19,국립,강원대학교,제2캠퍼스(삼척),대학,일반대학,강원,2022,직영,실시,미실시,0
20,사립,건국대학교,본교(서울),대학,일반대학,서울,2022,민자,실시,실시,2
21,사립,건국대학교,본교(서울),대학,일반대학,서울,2022,직영,실시,실시,2
22,사립,건국대학교,분교(글로컬),대학,일반대학,충북,2022,직영,미실시,실시,2
23,사립,건국대학교,분교(글로컬),대학,일반대학,충북,2022,민자,미실시,실시,2
24,사립,건양대학교,본교(논산),대학,일반대학,충남,2022,직영,실시,실시,2
25,사립,건양대학교,제2캠퍼스(대전),대학,일반대학,대전,2022,직영,실시,실시,2
26,사립,경기대학교,본교(수원),대학,일반대학,경기,2022,민자,미실시,미실시,0
27,사립,경기대학교,본교(수원),대학,일반대학,경기,2022,직영,미실시,미실시,0
28,사립,경남대학교,본교(마산),대학,일반대학,경남,2022,직영,미실시,미실시,0
29,사립,경동대학교,문막캠퍼스,대학,일반대학,강원,2022,행복기숙사,미실시,실시,2
30,사립,경동대학교,설악제1캠퍼스,대학,일반대학,강원,2022,직영,미실시,미실시,0
31,사립,경동대학교,양주캠퍼스,대학,일반대학,경기,2022,직영,미실시,미실시,0
32,국립,경북대학교,본교(대구북구),대학,일반대학,대구,2022,직영,실시,미실시,0
33,국립,경북대학교,본교(대구북구),대학,일반대학,대구,2022,민자,실시,미실시,0
34,국립,경북대학교,제2캠퍼스(대구중구),대학,일반대학,대구,2022,직영,미실시,미실시,0
35,국립,경북대학교,제2캠퍼스(대구중구),대학,일반대학,대구,2022,민자,실시,미실시,0
36,국립,경북대학교,제3캠퍼스(상주),대학,일반대학,경북,2022,직영,미실시,미실시,0
37,국립,경상국립대학교,가좌캠퍼스,대학,일반대학,경남,2022,직영,실시,실시,2
38,국립,경상국립대학교,가좌캠퍼스,대학,일반대학,경남,2022,민자,실시,실시,2
39,국립,경상국립대학교,통영캠퍼스,대학,일반대학,경남,2022,직영,미실시,실시,3
40,국립,경상국립대학교,칠암캠퍼스,대학,일반대학,경남,2022,민자,실시,미실시,0
41,국립,경상국립대학교,칠암캠퍼스,대학,일반대학,경남,2022,직영,실시,미실시,0
42,사립,경성대학교,본교,대학,일반대학,부산,2022,직영,미실시,미실시,0
43,사립,경운대학교,본교(구미),대학,일반대학,경북,2022,직영,미실시,실시,3
44,사립,경일대학교,본교(경산),대학,일반대학,경북,2022,직영,미실시,실시,2
45,사립,경주대학교,본교(경주),대학,일반대학,경북,2022,직영,미실시,미실시,0
46,사립,경희대학교,본교(서울),대학,일반대학,서울,2022,직영,미실시,미실시,0
47,사립,경희대학교,본교(서울),대학,일반대학,서울,2022,행복기숙사,미실시,미실시,0
48,사립,경희대학교,국제캠퍼스(수원),대학,일반대학,경기,2022,민자,미실시,미실시,0
49,사립,경희대학교,국제캠퍼스(수원),대학,일반대학,경기,2022,직영,미실시,미실시,0
50,사립,계명대학교,본교(성서),대학,일반대학,대구,2022,직영,미실시,실시,2
51,사립,고려대학교,본교(서울),대학,일반대학,서울,2022,직영,미실시,미실시,0
52,사립,고려대학교,본교(서울),대학,일반대학,서울,2022,민자,미실시,미실시,0
53,사립,고려대학교,분교(세종),대학,일반대학,세종,2022,직영,미실시,미실시,0
54,사립,고신대학교,본교(영도),대학,일반대학,부산,2022,행복기숙사,미실시,미실시,0
55,사립,고신대학교,본교(영도),대학,일반대학,부산,2022,직영,미실시,미실시,0
56,사립,고신대학교,천안캠퍼스,대학,일반대학,충남,2022,직영,미실시,미실시,0
57,국립,공주대학교,본교(신관),대학,일반대학,충남,2022,직영,실시,실시,2
58,국립,공주대학교,본교(신관),대학,일반대학,충남,2022,민자,실시,실시,2
59,국립,공주대학교,제3캠퍼스(예산),대학,일반대학,충남,2022,직영,실시,실시,2
60,국립,공주대학교,제4캠퍼스(천안),대학,일반대학,충남,2022,직영,실시,실시,2
61,국립,공주대학교,제3캠퍼스(예산),대학,일반대학,충남,2022,민자,실시,실시,2
62,국립,공주대학교,제4캠퍼스(천안),대학,일반대학,충남,2022,민자,실시,실시,2
63,사립,광신대학교,본교(광주),대학,일반대학,광주,2022,직영,미실시,미실시,0
64,사립,광운대학교,본교(서울노원),대학,일반대학,서울,2022,행복기숙사,미실시,미실시,0
65,사립,광운대학교,본교(서울노원),대학,일반대학,서울,2022,직영,미실시,미실시,0
66,사립,광주가톨릭대학교,본교(나주),대학,일반대학,전남,2022,직영,미실시,미실시,0
67,사립,광주대학교,본교(광주진월),대학,일반대학,광주,2022,직영,미실시,미실시,0
68,사립,광주여자대학교,본교(광산),대학,일반대학,광주,2022,직영,미실시,미실시,0
69,사립,국민대학교,본교(서울),대학,일반대학,서울,2022,직영,미실시,미실시,0
70,국립,군산대학교,본교(군산),대학,일반대학,전북,2022,직영,미실시,실시,2
71,국립,군산대학교,본교(군산),대학,일반대학,전북,2022,민자,미실시,실시,2
72,사립,극동대학교,본교(음성),대학,일반대학,충북,2022,직영,미실시,미실시,0
73,사립,금강대학교,본교,대학,일반대학,충남,2022,직영,미실시,미실시,0
74,국립,금오공과대학교,본교(경북구미),대학,일반대학,경북,2022,직영,미실시,미실시,0
75,국립,금오공과대학교,본교(경북구미),대학,일반대학,경북,2022,민자,미실시,미실시,0
76,국립,금오공과대학교,산단캠퍼스,대학,일반대학,경북,2022,직영,미실시,미실시,0
77,사립,김천대학교,본교,대학,일반대학,경북,2022,직영,미실시,미실시,0
78,사립,나사렛대학교,본교(천안),대학,일반대학,충남,2022,행복기숙사,미실시,미실시,0
79,사립,나사렛대학교,본교(천안),대학,일반대학,충남,2022,직영,미실시,미실시,0
80,사립,남부대학교,본교(광산),대학,일반대학,광주,2022,직영,미실시,미실시,0
81,사립,남서울대학교,본교(충남천안),대학,일반대학,충남,2022,직영,미실시,미실시,0
82,사립,단국대학교,본교(죽전),대학,일반대학,경기,2022,직영,미실시,미실시,0
83,사립,단국대학교,본교(죽전),대학,일반대학,경기,2022,민자,미실시,미실시,0
84,사립,단국대학교,본교(죽전),대학,일반대학,경기,2022,행복기숙사,미실시,미실시,0
85,사립,단국대학교,캠퍼스(천안),대학,일반대학,충남,2022,직영,미실시,미실시,0
86,사립,단국대학교,캠퍼스(천안),대학,일반대학,충남,2022,민자,미실시,실시,2
87,사립,단국대학교,캠퍼스(천안),대학,일반대학,충남,2022,행복기숙사,미실시,실시,2
88,사립,대구가톨릭대학교,본교(효성),대학,일반대학,경북,2022,직영,미실시,미실시,0
89,사립,대구가톨릭대학교,제2캠퍼스(루가),대학,일반대학,대구,2022,직영,미실시,미실시,0
90,사립,대구가톨릭대학교,제3캠퍼스(유스티노),대학,일반대학,대구,2022,직영,미실시,미실시,0
91,사립,대구대학교,본교(경산),대학,일반대학,경북,2022,직영,미실시,미실시,0
92,사립,대구대학교,본교(경산),대학,일반대학,경북,2022,행복기숙사,미실시,미실시,0
93,사립,대구예술대학교,본교(칠곡),대학,일반대학,경북,2022,직영,미실시,미실시,0
94,사립,대구한의대학교,삼성캠퍼스,대학,일반대학,경북,2022,직영,미실시,미실시,0
95,사립,대구한의대학교,삼성캠퍼스,대학,일반대학,경북,2022,행복기숙사,미실시,미실시,0
96,사립,대신대학교,본교(경산),대학,일반대학,경북,2022,직영,미실시,실시,3
97,사립,대전가톨릭대학교,본교(연기),대학,일반대학,세종,2022,직영,미실시,미실시,0
98,사립,대전대학교,본교(용운),대학,일반대학,대전,2022,직영,미실시,미실시,0
99,사립,대전신학대학교,본교,대학,일반대학,대전,2022,직영,미실시,미실시,0
100,사립,대진대학교,본교(포천),대학,일반대학,경기,2022,직영,미실시,미실시,0
101,사립,덕성여자대학교,쌍문캠퍼스,대학,일반대학,서울,2022,직영,미실시,미실시,0
102,사립,동국대학교,본교(서울),대학,일반대학,서울,2022,민자,미실시,미실시,0
103,사립,동국대학교,본교(서울),대학,일반대학,서울,2022,직영,미실시,미실시,0
104,사립,동국대학교,분교(WISE),대학,일반대학,경북,2022,직영,미실시,미실시,0
105,사립,동국대학교,일산캠퍼스,대학,일반대학,경기,2022,직영,미실시,미실시,0
106,사립,동덕여자대학교,본교(서울월곡),대학,일반대학,서울,2022,직영,미실시,미실시,0
107,사립,동명대학교,본교(용당),대학,일반대학,부산,2022,직영,미실시,미실시,0
108,사립,동서대학교,본교(사상),대학,일반대학,부산,2022,직영,미실시,미실시,0
109,사립,동신대학교,본교,대학,일반대학,전남,2022,직영,실시,미실시,0
110,사립,동아대학교,본교(승학),대학,일반대학,부산,2022,직영,미실시,미실시,0
111,사립,동아대학교,제2캠퍼스(구덕),대학,일반대학,부산,2022,직영,미실시,미실시,0
112,사립,동아대학교,제3캠퍼스(부민),대학,일반대학,부산,2022,직영,미실시,미실시,0
113,사립,동양대학교,본교(영주),대학,일반대학,경북,2022,직영,미실시,실시,4
114,사립,동양대학교,캠퍼스(동두천시),대학,일반대학,경기,2022,직영,미실시,실시,4
115,사립,동의대학교,본교(가야),대학,일반대학,부산,2022,행복기숙사,미실시,실시,2
116,사립,동의대학교,본교(가야),대학,일반대학,부산,2022,직영,미실시,미실시,0
117,사립,루터대학교,본교(경기),대학,일반대학,경기,2022,직영,미실시,미실시,0
118,사립,목원대학교,본교,대학,일반대학,대전,2022,직영,미실시,미실시,0
119,사립,목포가톨릭대학교,본교(목포),대학,일반대학,전남,2022,직영,미실시,미실시,0
120,국립,목포대학교,본교(도림),대학,일반대학,전남,2022,직영,미실시,미실시,0
121,국립,목포대학교,본교(도림),대학,일반대학,전남,2022,민자,미실시,미실시,0
122,국립,목포해양대학교,본교(목포),대학,일반대학,전남,2022,직영,미실시,미실시,0
123,사립,배재대학교,본교(대전),대학,일반대학,대전,2022,직영,미실시,미실시,0
124,사립,백석대학교,본교(천안),대학,일반대학,충남,2022,직영,미실시,미실시,0
125,국립,부경대학교,본교(대연),대학,일반대학,부산,2022,민자,미실시,미실시,0
126,국립,부경대학교,제2캠퍼스(용당),대학,일반대학,부산,2022,직영,미실시,미실시,0
127,사립,부산가톨릭대학교,본교,대학,일반대학,부산,2022,직영,미실시,미실시,0
128,국립,부산대학교,본교(부산),대학,일반대학,부산,2022,직영,실시,미실시,0
129,국립,부산대학교,본교(부산),대학,일반대학,부산,2022,민자,실시,미실시,0
130,국립,부산대학교,제4캠퍼스(양산),대학,일반대학,경남,2022,민자,실시,미실시,0
131,국립,부산대학교,제3캠퍼스(밀양),대학,일반대학,경남,2022,직영,실시,미실시,0
132,국립,부산대학교,제4캠퍼스(양산),대학,일반대학,경남,2022,직영,실시,미실시,0
133,사립,부산외국어대학교,본교(남산동),대학,일반대학,부산,2022,직영,미실시,미실시,0
134,사립,부산장신대학교,본교,대학,일반대학,경남,2022,직영,미실시,미실시,0
135,사립,삼육대학교,본교,대학,일반대학,서울,2022,직영,미실시,미실시,0
136,사립,상명대학교,본교(서울),대학,일반대학,서울,2022,행복기숙사,미실시,실시,4
137,사립,상명대학교,본교(서울),대학,일반대학,서울,2022,직영,미실시,실시,2
138,사립,상명대학교,캠퍼스(천안),대학,일반대학,충남,2022,직영,미실시,실시,2
139,사립,상지대학교,본교(강원원주),대학,일반대학,강원,2022,직영,미실시,미실시,0
140,사립,서강대학교,본교(서울),대학,일반대학,서울,2022,직영,미실시,실시,2
141,사립,서강대학교,본교(서울),대학,일반대학,서울,2022,민자,미실시,실시,2
142,사립,서경대학교,본교(서울정릉),대학,일반대학,서울,2022,직영,미실시,미실시,0
143,국립,서울과학기술대학교,본교,대학,일반대학,서울,2022,직영,실시,실시,2
144,국립,서울과학기술대학교,본교,대학,일반대학,서울,2022,민자,실시,실시,2
145,사립,서울기독대학교,본교(서울은평),대학,일반대학,서울,2022,직영,미실시,미실시,0
146,국립,서울대학교,본교(관악),대학,일반대학,서울,2022,민자,미실시,실시,12
147,국립,서울대학교,본교(관악),대학,일반대학,서울,2022,직영,미실시,실시,12
148,국립,서울대학교,제2캠퍼스(연건),대학,일반대학,서울,2022,직영,미실시,미실시,0
149,국립,서울대학교,평창캠퍼스,대학,일반대학,강원,2022,직영,미실시,미실시,0
150,사립,서울신학대학교,본교(부천),대학,일반대학,경기,2022,직영,미실시,미실시,0
151,사립,서울여자대학교,본교(서울),대학,일반대학,서울,2022,직영,실시,미실시,0
152,사립,서울장신대학교,본교(경기광주),대학,일반대학,경기,2022,직영,미실시,미실시,0
153,사립,서울한영대학교,본교(서울구로),대학,일반대학,서울,2022,직영,실시,실시,2
154,사립,서원대학교,본교(충북청주),대학,일반대학,충북,2022,직영,미실시,미실시,0
155,사립,선문대학교,본교(아산),대학,일반대학,충남,2022,직영,미실시,미실시,0
156,사립,선문대학교,캠퍼스(천안),대학,일반대학,충남,2022,직영,미실시,미실시,0
157,사립,성결대학교,본교(경기안양),대학,일반대학,경기,2022,직영,미실시,실시,2
158,사립,성공회대학교,본교(서울),대학,일반대학,서울,2022,행복기숙사,미실시,미실시,0
159,사립,성공회대학교,본교(서울),대학,일반대학,서울,2022,직영,미실시,미실시,0
160,사립,성균관대학교,인문사회과학캠퍼스,대학,일반대학,서울,2022,직영,미실시,미실시,0
161,사립,성균관대학교,자연과학캠퍼스,대학,일반대학,경기,2022,직영,미실시,미실시,0
162,사립,성신여자대학교,본교(서울),대학,일반대학,서울,2022,직영,미실시,실시,3
163,사립,세명대학교,본교(제천),대학,일반대학,충북,2022,직영,미실시,미실시,0
164,사립,세종대학교,본교(서울),대학,일반대학,서울,2022,직영,미실시,미실시,0
165,사립,세종대학교,본교(서울),대학,일반대학,서울,2022,행복기숙사,미실시,미실시,0
166,사립,세한대학교,본교(영암),대학,일반대학,전남,2022,직영,미실시,미실시,0
167,사립,세한대학교,당진캠퍼스,대학,일반대학,충남,2022,직영,미실시,미실시,0
168,사립,송원대학교,본교,대학,일반대학,광주,2022,행복기숙사,미실시,미실시,0
169,사립,수원가톨릭대학교,본교(수원),대학,일반대학,경기,2022,직영,미실시,실시,2
170,사립,수원대학교,본교,대학,일반대학,경기,2022,직영,미실시,미실시,0
171,사립,숙명여자대학교,본교(서울),대학,일반대학,서울,2022,직영,미실시,실시,2
172,국립,순천대학교,본교(순천),대학,일반대학,전남,2022,직영,실시,실시,2
173,국립,순천대학교,본교(순천),대학,일반대학,전남,2022,민자,실시,실시,2
174,사립,순천향대학교,본교(충남아산),대학,일반대학,충남,2022,직영,실시,미실시,0
175,사립,숭실대학교,본교(서울상도),대학,일반대학,서울,2022,직영,미실시,미실시,0
176,사립,숭실대학교,본교(서울상도),대학,일반대학,서울,2022,민자,미실시,미실시,0
177,사립,신경대학교,본교(경기화성),대학,일반대학,경기,2022,직영,미실시,미실시,0
178,사립,신라대학교,본교(부산백양),대학,일반대학,부산,2022,직영,미실시,미실시,0
179,사립,신한대학교,제1캠퍼스,대학,일반대학,경기,2022,행복기숙사,미실시,실시,2
180,사립,신한대학교,제2캠퍼스,대학,일반대학,경기,2022,직영,미실시,미실시,0
181,사립,신한대학교,제1캠퍼스,대학,일반대학,경기,2022,직영,미실시,미실시,0
182,사립,신한대학교,제2캠퍼스,대학,일반대학,경기,2022,행복기숙사,미실시,실시,2
183,사립,아신대학교,본교(양평),대학,일반대학,경기,2022,직영,미실시,미실시,0
184,사립,아주대학교,본교(경기수원),대학,일반대학,경기,2022,직영,미실시,미실시,0
185,국립,안동대학교,본교(안동),대학,일반대학,경북,2022,직영,미실시,실시,2
186,국립,안동대학교,본교(안동),대학,일반대학,경북,2022,민자,미실시,실시,2
187,사립,안양대학교,제2캠퍼스(강화),대학,일반대학,인천,2022,직영,미실시,실시,4
188,사립,연세대학교,본교(신촌),대학,일반대학,서울,2022,민자,미실시,미실시,0
189,사립,연세대학교,본교(신촌),대학,일반대학,서울,2022,직영,미실시,미실시,0
190,사립,연세대학교,분교(원주),대학,일반대학,강원,2022,직영,미실시,미실시,0
191,사립,연세대학교,캠퍼스(일산),대학,일반대학,강원,2022,직영,미실시,미실시,0
192,사립,연세대학교,캠퍼스(국제),대학,일반대학,인천,2022,직영,미실시,미실시,0
193,사립,연세대학교,캠퍼스(국제),대학,일반대학,인천,2022,민자,미실시,미실시,0
194,사립,영남대학교,본교(경북경산),대학,일반대학,경북,2022,직영,미실시,미실시,0
195,사립,영남대학교,본교(경북경산),대학,일반대학,경북,2022,행복기숙사,미실시,실시,6
196,사립,영남대학교,제2캠퍼스(대명동),대학,일반대학,대구,2022,직영,미실시,미실시,0
197,사립,영남신학대학교,본교(경산),대학,일반대학,경북,2022,직영,미실시,미실시,0
198,사립,영산대학교,본교(양산),대학,일반대학,경남,2022,직영,미실시,미실시,0
199,사립,영산대학교,제2캠퍼스(부산),대학,일반대학,부산,2022,직영,미실시,미실시,0
200,사립,예수대학교,본교(전주),대학,일반대학,전북,2022,직영,미실시,미실시,0
201,사립,용인대학교,본교(용인),대학,일반대학,경기,2022,직영,미실시,미실시,0
202,사립,우석대학교,본교(완주),대학,일반대학,전북,2022,직영,미실시,미실시,0
203,사립,우석대학교,진천캠퍼스,대학,일반대학,충북,2022,직영,미실시,미실시,0
204,사립,우송대학교,본교(대전),대학,일반대학,대전,2022,직영,미실시,미실시,0
205,사립,울산대학교,본교(울산),대학,일반대학,울산,2022,직영,미실시,미실시,0
206,사립,원광대학교,본교(익산),대학,일반대학,전북,2022,행복기숙사,미실시,실시,4
207,사립,원광대학교,본교(익산),대학,일반대학,전북,2022,직영,미실시,미실시,0
208,사립,위덕대학교,본교(경북경주),대학,일반대학,경북,2022,직영,미실시,미실시,0
209,사립,유원대학교,영동캠퍼스,대학,일반대학,충북,2022,직영,미실시,미실시,0
210,사립,유원대학교,아산캠퍼스,대학,일반대학,충남,2022,직영,미실시,미실시,0
211,사립,을지대학교,캠퍼스(성남),대학,일반대학,경기,2022,직영,미실시,미실시,0
212,사립,을지대학교,본교(대전),대학,일반대학,대전,2022,직영,미실시,미실시,0
213,사립,을지대학교,캠퍼스(의정부),대학,일반대학,대전,2022,직영,미실시,미실시,0
214,사립,이화여자대학교,본교(신촌),대학,일반대학,서울,2022,직영,미실시,미실시,0
215,사립,이화여자대학교,캠퍼스(마곡),대학,일반대학,서울,2022,직영,미실시,미실시,0
216,사립,인제대학교,본교(김해),대학,일반대학,경남,2022,직영,미실시,미실시,0
217,사립,인제대학교,제2캠퍼스(부산),대학,일반대학,부산,2022,직영,미실시,미실시,0
218,사립,인천가톨릭대학교,강화캠퍼스,대학,일반대학,인천,2022,직영,미실시,미실시,0
219,국립,인천대학교,본교,대학,일반대학,인천,2022,직영,미실시,실시,2
220,국립,인천대학교,본교,대학,일반대학,인천,2022,민자,실시,실시,2
221,사립,인하대학교,본교(미추홀구),대학,일반대학,인천,2022,직영,미실시,미실시,0
222,사립,장로회신학대학교,본교(서울),대학,일반대학,서울,2022,직영,미실시,미실시,0
223,국립,전남대학교,본교(광주),대학,일반대학,광주,2022,민자,실시,미실시,0
224,국립,전남대학교,본교(광주),대학,일반대학,광주,2022,직영,실시,미실시,0
225,국립,전남대학교,제2캠퍼스(여수),대학,일반대학,전남,2022,직영,실시,실시,4
226,국립,전북대학교,본교(전주덕진),대학,일반대학,전북,2022,직영,실시,실시,2
227,국립,전북대학교,본교(전주덕진),대학,일반대학,전북,2022,민자,실시,실시,2
228,국립,전북대학교,제2캠퍼스(익산),대학,일반대학,전북,2022,직영,실시,실시,2
229,사립,전주대학교,본교,대학,일반대학,전북,2022,민자,실시,실시,2
230,사립,전주대학교,본교,대학,일반대학,전북,2022,직영,미실시,미실시,0
231,사립,제주국제대학교,본교(제주),대학,일반대학,제주,2022,직영,미실시,미실시,0
232,국립,제주대학교,본교(아라),대학,일반대학,제주,2022,민자,미실시,실시,2
233,국립,제주대학교,제2캠퍼스(사라),대학,일반대학,제주,2022,직영,미실시,미실시,0
234,사립,조선대학교,본교,대학,일반대학,광주,2022,직영,미실시,미실시,0
235,사립,중부대학교,국제캠퍼스(충청),대학,일반대학,충남,2022,직영,미실시,미실시,0
236,사립,중부대학교,창의캠퍼스(고양),대학,일반대학,경기,2022,직영,미실시,미실시,0
237,사립,중앙대학교,본교(서울),대학,일반대학,서울,2022,직영,미실시,미실시,0
238,사립,중앙대학교,캠퍼스(안성),대학,일반대학,경기,2022,직영,미실시,미실시,0
239,사립,중앙승가대학교,본교(경기김포),대학,일반대학,경기,2022,직영,미실시,미실시,0
240,사립,중원대학교,본교(충북),대학,일반대학,충북,2022,직영,미실시,미실시,0
241,사립,차의과학대학교,본교(경기),대학,일반대학,경기,2022,직영,미실시,미실시,0
242,사립,창신대학교,본교,대학,일반대학,경남,2022,직영,미실시,실시,4
243,국립,창원대학교,본교(창원),대학,일반대학,경남,2022,직영,실시,미실시,0
244,국립,창원대학교,본교(창원),대학,일반대학,경남,2022,민자,실시,미실시,0
245,사립,청주대학교,본교(우암),대학,일반대학,충북,2022,직영,미실시,미실시,0
246,사립,초당대학교,본교(전남무안),대학,일반대학,전남,2022,직영,실시,미실시,0
247,사립,총신대학교,본교(사당),대학,일반대학,서울,2022,직영,미실시,미실시,0
248,사립,총신대학교,제2캠퍼스(양지),대학,일반대학,경기,2022,직영,미실시,미실시,0
249,사립,추계예술대학교,본교(서울),대학,일반대학,서울,2022,직영,미실시,실시,6
250,국립,충남대학교,본교(대전유성),대학,일반대학,대전,2022,직영,실시,실시,2
251,국립,충남대학교,본교(대전유성),대학,일반대학,대전,2022,민자,실시,실시,2
252,국립,충북대학교,본교(충북개신),대학,일반대학,충북,2022,직영,실시,실시,2
253,국립,충북대학교,본교(충북개신),대학,일반대학,충북,2022,민자,실시,실시,2
254,사립,칼빈대학교,본교(용인),대학,일반대학,경기,2022,직영,미실시,미실시,0
255,사립,평택대학교,본교(경기평택),대학,일반대학,경기,2022,직영,미실시,미실시,0
256,사립,포항공과대학교,본교(포항),대학,일반대학,경북,2022,직영,미실시,실시,6
257,국립,한경대학교,본교(경기안성),대학,일반대학,경기,2022,민자,실시,미실시,0
258,국립,한경대학교,본교(경기안성),대학,일반대학,경기,2022,직영,실시,미실시,0
259,사립,한국공학대학교,본교(경기시흥),대학,일반대학,경기,2022,직영,미실시,실시,2
260,사립,한국공학대학교,본교(경기시흥),대학,일반대학,경기,2022,민자,미실시,실시,2
261,국립,한국교원대학교,본교,대학,일반대학,충북,2022,직영,실시,미실시,0
262,국립,한국교통대학교,본교(충주),대학,일반대학,충북,2022,직영,실시,미실시,0
263,국립,한국교통대학교,본교(충주),대학,일반대학,충북,2022,민자,실시,미실시,0
264,국립,한국교통대학교,제2캠퍼스(증평),대학,일반대학,충북,2022,직영,실시,미실시,0
265,국립,한국교통대학교,제2캠퍼스(증평),대학,일반대학,충북,2022,민자,실시,미실시,0
266,국립,한국교통대학교,제3캠퍼스(의왕),대학,일반대학,경기,2022,직영,미실시,미실시,0
267,사립,한국기술교육대학교,본교(병천),대학,일반대학,충남,2022,직영,실시,실시,4
268,사립,한국기술교육대학교,본교(병천),대학,일반대학,충남,2022,민자,실시,실시,4
269,사립,한국성서대학교,본교,대학,일반대학,서울,2022,직영,미실시,미실시,0
270,사립,한국외국어대학교,본교(서울이문),대학,일반대학,서울,2022,직영,미실시,미실시,0
271,사립,한국외국어대학교,본교(서울이문),대학,일반대학,서울,2022,민자,미실시,실시,2
272,사립,한국외국어대학교,캠퍼스(용인왕산),대학,일반대학,경기,2022,직영,미실시,미실시,0
273,사립,한국외국어대학교,캠퍼스(용인왕산),대학,일반대학,경기,2022,민자,미실시,미실시,0
274,국립,한국체육대학교,본교,대학,일반대학,서울,2022,민자,미실시,미실시,0
275,사립,한국침례신학대학교,본교(대전),대학,일반대학,대전,2022,직영,미실시,실시,2
276,사립,한국항공대학교,본교(고양),대학,일반대학,경기,2022,직영,미실시,미실시,0
277,국립,한국해양대학교,본교(부산),대학,일반대학,부산,2022,직영,실시,미실시,0
278,국립,한국해양대학교,본교(부산),대학,일반대학,부산,2022,민자,미실시,미실시,0
279,사립,한남대학교,본교(대덕),대학,일반대학,대전,2022,직영,미실시,미실시,0
280,사립,한동대학교,본교(포항),대학,일반대학,경북,2022,직영,미실시,미실시,0
281,사립,한동대학교,본교(포항),대학,일반대학,경북,2022,행복기숙사,미실시,미실시,0
282,사립,한라대학교,본교(원주),대학,일반대학,강원,2022,직영,미실시,미실시,0
283,사립,한림대학교,본교(춘천),대학,일반대학,강원,2022,직영,미실시,미실시,0
284,국립,한밭대학교,본교(대전),대학,일반대학,대전,2022,직영,미실시,미실시,0
285,국립,한밭대학교,본교(대전),대학,일반대학,대전,2022,민자,미실시,미실시,0
286,사립,한서대학교,본교(서산),대학,일반대학,충남,2022,직영,미실시,실시,2
287,사립,한서대학교,태안캠퍼스,대학,일반대학,충남,2022,직영,미실시,실시,2
288,사립,한성대학교,본교(서울성북),대학,일반대학,서울,2022,직영,미실시,미실시,0
289,사립,한성대학교,본교(서울성북),대학,일반대학,서울,2022,행복기숙사,미실시,미실시,0
290,사립,한세대학교,본교(경기군포),대학,일반대학,경기,2022,직영,미실시,미실시,0
291,사립,한신대학교,본교(경기),대학,일반대학,경기,2022,직영,미실시,미실시,0
292,사립,한신대학교,서울캠퍼스,대학,일반대학,서울,2022,직영,미실시,미실시,0
293,사립,한양대학교,본교(서울),대학,일반대학,서울,2022,직영,미실시,미실시,0
294,사립,한양대학교,본교(서울),대학,일반대학,서울,2022,행복기숙사,미실시,미실시,0
295,사립,한양대학교,분교(안산),대학,일반대학,경기,2022,직영,미실시,미실시,0
296,사립,한양대학교,분교(안산),대학,일반대학,경기,2022,행복기숙사,미실시,미실시,0
297,사립,한일장신대학교,본교(완주),대학,일반대학,전북,2022,직영,미실시,미실시,0
298,사립,협성대학교,본교(경기화성),대학,일반대학,경기,2022,직영,미실시,미실시,0
299,사립,호남대학교,본교(광산),대학,일반대학,광주,2022,직영,미실시,미실시,0
300,사립,호남신학대학교,본교(양림),대학,일반대학,광주,2022,직영,미실시,미실시,0
301,사립,호서대학교,산단캠퍼스,대학,일반대학,충남,2022,직영,미실시,미실시,0
302,사립,호서대학교,본교(아산),대학,일반대학,충남,2022,직영,미실시,미실시,0
303,사립,호서대학교,본교(아산),대학,일반대학,충남,2022,민자,미실시,미실시,0
304,사립,호서대학교,제2캠퍼스(천안),대학,일반대학,충남,2022,직영,미실시,미실시,0
305,사립,홍익대학교,캠퍼스(세종),대학,일반대학,세종,2022,직영,미실시,미실시,0
306,사립,홍익대학교,본교(서울),대학,일반대학,서울,2022,직영,미실시,실시,4
307,사립,청운대학교,본교(충남홍성),대학,산업대학,충남,2022,직영,미실시,미실시,0
308,사립,호원대학교,본교(임피),대학,산업대학,전북,2022,직영,미실시,미실시,0
309,사립,개신대학원대학교,본교(강북미아),대학,대학원대학,서울,2022,직영,실시,미실시,0
310,사립,건신대학원대학교,본교(대전중구),대학,대학원대학,대전,2022,직영,미실시,미실시,0
311,사립,계약신학대학원대학교,본교,대학,대학원대학,경기,2022,직영,미실시,실시,3
312,사립,구세군사관대학원대학교,본교,대학,대학원대학,경기,2022,직영,미실시,미실시,0
313,사립,국제법률경영대학원대학교,본교,대학,대학원대학,경기,2022,직영,미실시,실시,3
314,사립,베뢰아국제대학원대학교,본교,대학,대학원대학,서울,2022,직영,실시,미실시,0
315,사립,선학유피대학원대학교,본교,대학,대학원대학,경기,2022,직영,미실시,실시,4
316,사립,성서침례대학원대학교,본교(이천),대학,대학원대학,경기,2022,직영,미실시,미실시,0
317,사립,에스라성경대학원대학교,본교(경기고양),대학,대학원대학,경기,2022,직영,미실시,미실시,0
318,사립,웨스트민스터신학대학원대학교,본교(경기용인),대학,대학원대학,경기,2022,직영,실시,실시,5
319,사립,주안대학원대학교,본교,대학,대학원대학,인천,2022,직영,미실시,미실시,0
320,사립,한국전력국제원자력대학원대학교,본교,대학,대학원대학,울산,2022,직영,미실시,미실시,0
321,사립,합동신학대학원대학교,본교,대학,대학원대학,경기,2022,직영,미실시,실시,2
322,사립,횃불트리니티신학대학원대학교,본교(서울서초),대학,대학원대학,서울,2022,직영,미실시,미실시,0
323,국립,경인교육대학교,제2캠퍼스(경기),대학,교육대학,경기,2022,직영,미실시,미실시,0
324,국립,경인교육대학교,본교(인천),대학,교육대학,인천,2022,민자,미실시,미실시,0
325,국립,경인교육대학교,본교(인천),대학,교육대학,인천,2022,직영,미실시,미실시,0
326,국립,경인교육대학교,제2캠퍼스(경기),대학,교육대학,경기,2022,민자,미실시,미실시,0
327,국립,공주교육대학교,본교(공주),대학,교육대학,충남,2022,민자,미실시,미실시,0
328,국립,공주교육대학교,본교(공주),대학,교육대학,충남,2022,직영,미실시,미실시,0
329,국립,광주교육대학교,본교(광주북구),대학,교육대학,광주,2022,민자,미실시,실시,3
330,국립,대구교육대학교,본교(대구남구),대학,교육대학,대구,2022,직영,미실시,미실시,0
331,국립,부산교육대학교,본교(부산),대학,교육대학,부산,2022,민자,미실시,실시,2
332,국립,부산교육대학교,본교(부산),대학,교육대학,부산,2022,직영,미실시,실시,2
333,국립,서울교육대학교,본교(서울서초),대학,교육대학,서울,2022,민자,실시,미실시,0
334,국립,전주교육대학교,본교(전주),대학,교육대학,전북,2022,직영,미실시,미실시,0
335,국립,전주교육대학교,본교(전주),대학,교육대학,전북,2022,민자,미실시,미실시,0
336,국립,진주교육대학교,본교(진주),대학,교육대학,경남,2022,직영,실시,미실시,0
337,국립,청주교육대학교,본교(청주),대학,교육대학,충북,2022,직영,실시,실시,2
338,국립,청주교육대학교,본교(청주),대학,교육대학,충북,2022,민자,실시,실시,2
339,국립,춘천교육대학교,본교(춘천),대학,교육대학,강원,2022,민자,미실시,미실시,0
340,국립,춘천교육대학교,본교(춘천),대학,교육대학,강원,2022,직영,미실시,미실시,0
341,공립,서울시립대학교,본교,대학,공립대학,서울,2022,직영,미실시,실시,2
342,사립,순복음총회신학교,본교,대학,각종학교,충북,2022,직영,미실시,실시,3
343,국립,한국예술종합학교,본교,대학,각종학교,서울,2022,직영,미실시,미실시,0
344,사립,가톨릭상지대학교,본교,전문대학,일반대학,경북,2022,직영,미실시,미실시,0
345,사립,강동대학교,본교,전문대학,일반대학,충북,2022,직영,미실시,미실시,0
346,사립,강릉영동대학교,본교,전문대학,일반대학,강원,2022,직영,실시,미실시,0
347,사립,강릉영동대학교,본교,전문대학,일반대학,강원,2022,행복기숙사,실시,미실시,0
348,사립,강원관광대학교,본교,전문대학,일반대학,강원,2022,직영,미실시,미실시,0
349,사립,거제대학교,본교,전문대학,일반대학,경남,2022,직영,미실시,미실시,0
350,사립,경기과학기술대학교,본교,전문대학,일반대학,경기,2022,직영,실시,실시,2
351,사립,경남정보대학교,본교,전문대학,일반대학,부산,2022,직영,미실시,미실시,0
352,사립,경민대학교,본교,전문대학,일반대학,경기,2022,직영,실시,실시,3
353,사립,경복대학교,본교(남양주),전문대학,일반대학,경기,2022,직영,미실시,미실시,0
354,사립,경복대학교,제2캠퍼스(남양주),전문대학,일반대학,경기,2022,직영,미실시,미실시,0
355,사립,경북과학대학교,본교,전문대학,일반대학,경북,2022,직영,미실시,미실시,0
356,사립,경북보건대학교,본교(김천),전문대학,일반대학,경북,2022,직영,미실시,미실시,0
357,사립,경북전문대학교,본교,전문대학,일반대학,경북,2022,직영,미실시,실시,2
358,사립,계명문화대학교,본교(성서),전문대학,일반대학,대구,2022,직영,미실시,미실시,0
359,사립,고구려대학교,본교,전문대학,일반대학,전남,2022,직영,미실시,미실시,0
360,사립,광양보건대학교,본교(전남),전문대학,일반대학,전남,2022,직영,미실시,미실시,0
361,사립,광주보건대학교,본교(신창동),전문대학,일반대학,광주,2022,직영,미실시,미실시,0
362,사립,구미대학교,본교,전문대학,일반대학,경북,2022,직영,미실시,실시,2
363,사립,국제대학교,본교(송탄),전문대학,일반대학,경기,2022,직영,미실시,미실시,0
364,사립,군산간호대학교,본교(군산),전문대학,일반대학,전북,2022,직영,미실시,미실시,0
365,사립,군장대학교,본교,전문대학,일반대학,전북,2022,직영,실시,미실시,0
366,사립,기독간호대학교,본교,전문대학,일반대학,광주,2022,직영,미실시,미실시,0
367,사립,김해대학교,본교,전문대학,일반대학,경남,2022,직영,미실시,미실시,0
368,사립,농협대학교,본교,전문대학,일반대학,경기,2022,직영,미실시,미실시,0
369,사립,대경대학교,본교,전문대학,일반대학,경북,2022,직영,미실시,미실시,0
370,사립,대경대학교,본교,전문대학,일반대학,경북,2022,행복기숙사,미실시,미실시,0
371,사립,대구공업대학교,본교(대구달서),전문대학,일반대학,대구,2022,직영,미실시,미실시,0
372,사립,대구과학대학교,본교(대구),전문대학,일반대학,대구,2022,직영,미실시,미실시,0
373,사립,대구보건대학교,본교(대구북구),전문대학,일반대학,대구,2022,직영,미실시,미실시,0
374,사립,대덕대학교,본교,전문대학,일반대학,대전,2022,직영,미실시,미실시,0
375,사립,대동대학교,본교(부산),전문대학,일반대학,부산,2022,직영,미실시,미실시,0
376,사립,대원대학교,본교(제천),전문대학,일반대학,충북,2022,직영,미실시,미실시,0
377,사립,대전과학기술대학교,본교(대전),전문대학,일반대학,대전,2022,직영,미실시,미실시,0
378,사립,대전보건대학교,본교(대전),전문대학,일반대학,대전,2022,직영,미실시,미실시,0
379,사립,대전보건대학교,본교(대전),전문대학,일반대학,대전,2022,행복기숙사,미실시,미실시,0
380,사립,동강대학교,본교,전문대학,일반대학,광주,2022,직영,미실시,미실시,0
381,사립,동서울대학교,본교(경기성남),전문대학,일반대학,경기,2022,직영,미실시,미실시,0
382,사립,동아방송예술대학교,본교(경기안성),전문대학,일반대학,경기,2022,직영,실시,실시,2
383,사립,동아보건대학교,본교(전남영암),전문대학,일반대학,전남,2022,직영,미실시,실시,2
384,사립,동양미래대학교,본교(서울구로),전문대학,일반대학,서울,2022,직영,미실시,미실시,0
385,사립,동원과학기술대학교,본교,전문대학,일반대학,경남,2022,직영,미실시,미실시,0
386,사립,동원대학교,본교,전문대학,일반대학,경기,2022,직영,미실시,미실시,0
387,사립,동의과학대학교,본교,전문대학,일반대학,부산,2022,직영,미실시,미실시,0
388,사립,동주대학교,본교,전문대학,일반대학,부산,2022,직영,미실시,미실시,0
389,사립,두원공과대학교,본교(안성),전문대학,일반대학,경기,2022,직영,미실시,미실시,0
390,사립,두원공과대학교,제2캠퍼스(파주),전문대학,일반대학,경기,2022,직영,미실시,미실시,0
391,사립,마산대학교,본교(마산),전문대학,일반대학,경남,2022,직영,미실시,미실시,0
392,사립,명지전문대학,본교,전문대학,일반대학,서울,2022,직영,미실시,미실시,0
393,사립,목포과학대학교,본교(양을),전문대학,일반대학,전남,2022,직영,미실시,미실시,0
394,사립,문경대학교,본교(문경),전문대학,일반대학,경북,2022,직영,미실시,미실시,0
395,사립,백석문화대학교,본교(천안),전문대학,일반대학,충남,2022,직영,미실시,미실시,0
396,사립,백제예술대학교,본교(전북완주),전문대학,일반대학,전북,2022,직영,미실시,미실시,0
397,사립,부산경상대학교,본교,전문대학,일반대학,부산,2022,직영,미실시,실시,2
398,사립,부산과학기술대학교,본교,전문대학,일반대학,부산,2022,직영,미실시,미실시,0
399,사립,부산여자대학교,본교,전문대학,일반대학,부산,2022,직영,미실시,미실시,0
400,사립,부산예술대학교,본교,전문대학,일반대학,부산,2022,직영,미실시,미실시,0
401,사립,부천대학교,본교,전문대학,일반대학,경기,2022,직영,미실시,미실시,0
402,사립,부천대학교,캠퍼스(소사),전문대학,일반대학,경기,2022,직영,미실시,미실시,0
403,사립,서라벌대학교,본교,전문대학,일반대학,경북,2022,직영,미실시,미실시,0
404,사립,서영대학교,본교(광주),전문대학,일반대학,광주,2022,직영,미실시,미실시,0
405,사립,서영대학교,캠퍼스(파주),전문대학,일반대학,경기,2022,행복기숙사,미실시,미실시,0
406,사립,서울예술대학교,본교(안산),전문대학,일반대학,경기,2022,민자,실시,실시,2
407,사립,서정대학교,본교(경기),전문대학,일반대학,경기,2022,직영,미실시,미실시,0
408,사립,선린대학교,본교,전문대학,일반대학,경북,2022,직영,미실시,미실시,0
409,사립,성운대학교,본교(영천),전문대학,일반대학,경북,2022,직영,미실시,미실시,0
410,사립,세경대학교,본교,전문대학,일반대학,강원,2022,직영,실시,미실시,0
411,사립,송곡대학교,본교,전문대학,일반대학,강원,2022,직영,실시,미실시,0
412,사립,송호대학교,본교,전문대학,일반대학,강원,2022,직영,미실시,미실시,0
413,사립,수성대학교,본교(대구),전문대학,일반대학,대구,2022,직영,미실시,미실시,0
414,사립,수성대학교,본교(대구),전문대학,일반대학,대구,2022,행복기숙사,미실시,미실시,0
415,사립,순천제일대학교,본교(전남순천),전문대학,일반대학,전남,2022,직영,미실시,미실시,0
416,사립,신구대학교,본교,전문대학,일반대학,경기,2022,직영,미실시,미실시,0
417,사립,신성대학교,본교,전문대학,일반대학,충남,2022,직영,실시,미실시,0
418,사립,아주자동차대학,본교(충남보령),전문대학,일반대학,충남,2022,직영,미실시,미실시,0
419,사립,안동과학대학교,본교(안동),전문대학,일반대학,경북,2022,직영,실시,미실시,0
420,사립,안산대학교,본교,전문대학,일반대학,경기,2022,직영,미실시,미실시,0
421,사립,여주대학교,본교(경기여주),전문대학,일반대학,경기,2022,직영,미실시,미실시,0
422,사립,연성대학교,본교(경기),전문대학,일반대학,경기,2022,직영,미실시,실시,2
423,사립,연암공과대학교,본교(경남진주),전문대학,일반대학,경남,2022,직영,미실시,실시,3
424,사립,연암대학교,본교,전문대학,일반대학,충남,2022,직영,미실시,미실시,0
425,사립,영남외국어대학,본교(경산),전문대학,일반대학,경북,2022,직영,미실시,미실시,0
426,사립,영남이공대학교,본교(대구대명),전문대학,일반대학,대구,2022,직영,미실시,미실시,0
427,사립,영남이공대학교,본교(대구대명),전문대학,일반대학,대구,2022,행복기숙사,미실시,실시,2
428,사립,영진전문대학교,복현,전문대학,일반대학,대구,2022,직영,미실시,미실시,0
429,사립,영진전문대학교,글로벌,전문대학,일반대학,경북,2022,직영,미실시,미실시,0
430,사립,용인예술과학대학교,본교,전문대학,일반대학,경기,2022,직영,미실시,실시,2
431,사립,우송정보대학,본교(대전),전문대학,일반대학,대전,2022,직영,미실시,미실시,0
432,사립,울산과학대학교,본교(동부),전문대학,일반대학,울산,2022,직영,미실시,미실시,0
433,사립,웅지세무대학교,본교(파주),전문대학,일반대학,경기,2022,민자,미실시,미실시,0
434,사립,원광보건대학교,본교,전문대학,일반대학,전북,2022,행복기숙사,미실시,미실시,0
435,사립,인덕대학교,본교(서울),전문대학,일반대학,서울,2022,직영,미실시,미실시,0
436,사립,인천재능대학교,제2캠퍼스(송도),전문대학,일반대학,인천,2022,행복기숙사,미실시,미실시,0
437,사립,인하공업전문대학,본교,전문대학,일반대학,인천,2022,직영,미실시,미실시,0
438,사립,장안대학교,본교,전문대학,일반대학,경기,2022,직영,미실시,미실시,0
439,사립,전남과학대학교,본교(곡성옥과),전문대학,일반대학,전남,2022,직영,미실시,미실시,0
440,사립,전북과학대학교,본교(전북정읍),전문대학,일반대학,전북,2022,직영,미실시,미실시,0
441,사립,전주기전대학,본교,전문대학,일반대학,전북,2022,직영,미실시,실시,2
442,사립,전주비전대학교,본교(효자),전문대학,일반대학,전북,2022,직영,미실시,미실시,0
443,사립,전주비전대학교,본교(효자),전문대학,일반대학,전북,2022,행복기숙사,미실시,미실시,0
444,사립,제주관광대학교,본교(광령),전문대학,일반대학,제주,2022,행복기숙사,미실시,미실시,0
445,사립,제주관광대학교,본교(광령),전문대학,일반대학,제주,2022,직영,미실시,미실시,0
446,사립,제주한라대학교,본교(제주노형),전문대학,일반대학,제주,2022,직영,미실시,미실시,0
447,사립,조선이공대학교,본교,전문대학,일반대학,광주,2022,직영,미실시,미실시,0
448,사립,진주보건대학교,본교(진주상봉),전문대학,일반대학,경남,2022,직영,미실시,미실시,0
449,사립,창원문성대학교,본교(두대),전문대학,일반대학,경남,2022,직영,미실시,미실시,0
450,사립,청강문화산업대학교,본교,전문대학,일반대학,경기,2022,직영,미실시,미실시,0
451,사립,청암대학교,본교,전문대학,일반대학,전남,2022,직영,미실시,미실시,0
452,사립,춘해보건대학교,본교(울산),전문대학,일반대학,울산,2022,직영,미실시,미실시,0
453,사립,충북보건과학대학교,본교,전문대학,일반대학,충북,2022,행복기숙사,미실시,미실시,0
454,사립,충북보건과학대학교,본교,전문대학,일반대학,충북,2022,직영,미실시,실시,2
455,사립,충청대학교,본교,전문대학,일반대학,충북,2022,직영,미실시,미실시,0
456,사립,포항대학교,본교,전문대학,일반대학,경북,2022,직영,미실시,실시,2
457,사립,한국골프대학교,본교,전문대학,일반대학,강원,2022,직영,실시,미실시,0
458,사립,한국관광대학교,본교(경기이천),전문대학,일반대학,경기,2022,직영,미실시,미실시,0
459,국립,한국복지대학교,본교,전문대학,일반대학,경기,2022,직영,미실시,미실시,0
460,국립,한국복지대학교,본교,전문대학,일반대학,경기,2022,민자,미실시,미실시,0
461,사립,한국승강기대학교,본교,전문대학,일반대학,경남,2022,직영,미실시,미실시,0
462,사립,한국영상대학교,본교,전문대학,일반대학,세종,2022,직영,미실시,미실시,0
463,사립,한림성심대학교,본교(강원춘천),전문대학,일반대학,강원,2022,직영,미실시,실시,2
464,사립,한양여자대학교,본교,전문대학,일반대학,서울,2022,직영,미실시,실시,2
465,사립,혜전대학교,본교(충남홍성),전문대학,일반대학,충남,2022,직영,미실시,미실시,0
466,사립,호산대학교,본교(하양),전문대학,일반대학,경북,2022,직영,미실시,미실시,0
467,공립,강원도립대학교,본교,전문대학,공립대학,강원,2022,직영,미실시,미실시,0
468,공립,경남도립거창대학,본교,전문대학,공립대학,경남,2022,직영,미실시,미실시,0
469,공립,경남도립남해대학,본교,전문대학,공립대학,경남,2022,직영,미실시,실시,2
470,공립,경북도립대학교,본교,전문대학,공립대학,경북,2022,직영,미실시,미실시,0
471,공립,전남도립대학교,본교(담양),전문대학,공립대학,전남,2022,직영,미실시,미실시,0
472,공립,충남도립대학교,본교,전문대학,공립대학,충남,2022,직영,미실시,미실시,0
473,공립,충북도립대학교,본교,전문대학,공립대학,충북,2022,직영,실시,실시,2
