 추천/비추천 , 날짜 , 학번 , 학과 , 한줄평 , 총 만족도 , 시설 , 문화 , 대학가 , 등록금 , 교수 , 장점 , 단점 , 학교에 바라는 점 , 3년 후 학교의 미래 
비추천,2016.04.30,비공개,화학과,디자인과 다른 분위기인 원예학을 병행하는게 정말 죽을맛이에요,3,4,5,2,3,3,미래에 전망있는 환경과 최첨단 농업이라서 열심히 한 만큼 취업등에서 거둔다해요,"과제..디자인 과제만 하다보면 중간,기말이 다가와요 하지만 디자인 과제 때문에 원예학 공부는 절대 못해요.",과제좀 조금만 내줬으면 좋겠음. 솔직히 양심없음,발전 한다
비추천,2016.04.30,비공개,생활체육학과,공대에서 배우는 총 집합체를 한곳에서 배우는곳,3,4,4,1,3,3,여러가지 분야를 다 배우기 때문에 어디든 선택해서 갈 수가 있다.,반대로 여러가지 분야를 다 배우기 때문에 하나만 배우는 전공에 비해 전문성이 약간 낮다.,"여자좀 많이 들어왔으면 좋겠고, 통폐합은 하지 않았으면..",퇴보 한다
추천,2016.04.30,비공개,일본어학과,학교생활 하면서 영어에 갇힌 느낌. 영어가 안늘래야 안늘수가 없다.,4,4,5,4,4,5,영어에 가둬둔 느낌이다. 교수님들도 대부분이 한국어를 못하셔서 질문같은 사소한것도 영어로 해야함. 물론 출석도 영어이름으로 부른다. 선배들도 다 착하고 군기 그런건 전혀없다 오히려 자유로움,영어에 가둬둔게 장점이자 단점. 버티면 확실히 늘긴하는데 힘들어하는 사람들도 많다.,이건 우리학부 뿐만 아니라 학교에다 바라는건데 학교가 너무 노잼입니다. 학지처는 각성하라,발전 한다
비추천,2016.04.30,비공개,간호학과,배우는것이 흥미롭다. 항상 접해오던 것이라 실용적이기도 하다.,3,3,4,1,2,3,"우선 취업분야가 다양하다. 우리 생활에 밀접하게 관련되어있는 식품에 대한 것들과 일상생활에 도움이 되는 영양학적인 모든 면에서 학습하는 것이기 때문에 흥미롭게 배울 수 있고, 실용적인 학문이라는 장점이 있다.",크게 문제가 될 만한 단점은 없는 것 같다. 다만 화학에 대해서도 알아야 하는데 그 부분을 배울때면 나의 전공이 식품영양인지 화학과인지 헷갈리기도 한다.,지금 배우는 것에 만족스럽게 다니고 있다. 하지만 보다 외우기 보다는 이해할 수 있는 학문이 되었으면 좋을 것 같다.,발전 한다
추천,2016.04.30,비공개,식품영양학과,여자밭이다. 정말 여자뿐이다. 진짜로,3,4,3,1,3,5,식품에 대해 자세히 알 수 있다. 교수님들이 정말 다 좋으신 분들 뿐이다!,식품영양학과래서 왔더니 세상에 그냥 식품화학과다. 일반화학 유기화학 생화학 식품화학 등등 화학이 안쓰이는 곳이 없다,학과보단 학교에 바라는 것이 있다. 식영과 지원 좀 팍팍 해줘라,발전 한다
추천,2016.04.30,비공개,간호학과,예방의학의 선구자인 영양사가 탄생하는 100세 건강시대의 중심지,3,5,3,3,3,3,사람이 살아가는 데 있어 일명 먹고 싸는 일이 가장 중요하죠. 이러한 것들에 있어 전문적인 지식을 가지고 활용할 수 있다는것이 식품영양학과의 최대 메리트죠!,대학교에 공부만 하다 졸업하고 취업하러 온것만이 아닌데 남자가 없네요 이리봐도 저리봐도 남자가 남자사람이없네요,전국에 있는 모든 우리 예비영양사들 훌륭한 영양사 될 수 있도록 잘 보듬어 주세요,발전 한다
추천,2016.04.30,비공개,식품영양학과,현미경 보는거 좋아하면 나쁘지 않음,3,4,4,2,3,4,현미경 봄 매주봄 원한다면 매일봄 피트로 빠질려고 하는 학과생 넘쳐서 공부열기 불탐. 과제는 적당하고 팀플도 적은편,"피트생들 공부잘함. 정말 많이 잘함. 피트 과목에 생물 있어서 그런지 수업 안들어도 이미 알고 있음. 외울거 많음 애매한 학과라서 인체도 배우고 동물도 배우고 식물도 배움. 얕게 많이 배운다고 알면 클남, 물리 치료학과 만큼 근육과 뼈를 외움.",피트 볼꺼면 화학과로 가줘 친구들아.,발전 한다
비추천 ,2016.04.30,비공개,식품영양학과,개인적으로 타과에 비해서는 배우는 재미가 있는 학과,3,3,2,2,2,3,아무래도 일상생활에 접목되어있는 분야이다 보니 배우면서 아 그래서 그렇구나 하며 느끼는 점도 많고 알아가면 굉장히 유용한 것들이 많다. 식품관련이다 보니 재미가 없이 배울 수는 없는 것 같다,여자가 너무 많다.,과제가 너무 많다. 감당하기 힘들다,유지 한다
추천,2016.04.30,비공개,보건관리학과,간호학과같은 간호학과같지 않은 과이지만 인원 수가 적어 두루두루 잘지내는과,4,4,4,2,3,3,흔히 말하는 선배들이 군기잡는게 없다. 선배들과 친하게 지내는 모습을 볼 수 있다. 중독연계전공을 할 수 있는 과다.,"너무 어려운 내용을 많이 배우고, 의대에 온건지 간호학과인지 보건관리학관지 알 수 가 없다.",과에 대해 더 자세히 알려주고 과에 관련한 진로를 더 자세히 알려줬으면 좋겠다.,발전 한다
추천,2016.04.30,비공개,유아교육과,"아직 신입생이여서 잘 모르지만, 좋은 선배와, 좋은 동기들!",4,3,3,3,2,3,여자가 많습니다,잘 모르겠습니다,앞으로 잘 부탁드립니다,유지 한다
추천,2016.04.30,비공개,화학과,넘나 좋은 교수님과 재미있는 전공수업,4,2,4,2,4,5,교수님이 좋으시고 학부가 아닌 학과라 인원이 적고 그만큼 과끼리 친하게 지낼 수 있어요,정문에서 조금 먼 위치의 과학관. 과보다는 학교에 대한 불만이 클거에요,없다,유지 한다
추천,2016.04.30,비공개,환경디자인원예학과,미술을 안배웠지만 하면서 재미지고 많은 방향으로 나갈 수 있다.,4,1,1,1,1,3,직업폭이 넓다.,학과보단 학교의 단점이 너무 크다. 종교적 색채가 너무 뚜렷하고 간판이..,부수적인 돈이 너무 많이 들어간다.,유지 한다
추천,2016.04.30,비공개,물리치료학과,공부 너무열심히 하는 선배들과 동기들 인서울 유일한 물리치료학과의 자부심,4,3,3,1,3,5,서울 안에 있는 유일한 물리치료학과 삼육대의 자랑 학교안에서 인정받는 학과 높은취업률을 자랑. 작년도 국가고시 전원합격,체육대회에 목숨건다,공부를 너무 열심히 한다.,유지 한다
추천,2016.04.30,비공개,환경디자인원예학과,"디자인쪽으로 갈 수도 있고, 원예쪽으로 갈 수도 있고 조경쪽으로 갈 수도 있는 길이 많은 학과",4,4,4,2,3,3,공강때 온실에서 쉴수 있어요 식물과 함께하는 힐링타임입니다,디자인+원예과라서 과제 많아요 미술과제도 있고 식물과제도 있음,과방 있었으면 좋겠다,유지 한다
추천,2016.04.30,비공개,환경디자인원예학과,여러가지 분야를 배우는 디자인 최적학과,4,2,4,2,3,5,"교수님과 학생들의 사이도 좋고, 화훼쪽으로 특화가 잘 돼있는것 같음.",전공 수강 신청이 힘들다.,수강인원을 많이 늘려줬으면 좋겠다,유지 한다
비추천,2016.04.30,비공개,화학과,모든것이 무난한 곳이다 본인의 의지가 있으면 자기하기나름,4,3,4,3,3,3,모든것이 무난하다 특색이 없다,커리큘럼이 좋지 않다 ,학과 자체의 취업연계프로그램이 부실하다,유지 한다
추천,2016.05.01,비공개,유아교육과,모든 학과를 통틀어서 과제가 가장 많은 학과 그렇지만 취업은 보장돼있는 학과,5,4,4,2,3,4,다른 공부 잘하던 친구들이 와서 그런지 평균학점도 높고 모든일에 열심히하며 여고같은 분위기. 군기가 없다,시험이 끝나도 모의수업이 있다. 과제가 많은게 단점이다. 모든과제가 팀플인게 싫다. 경쟁 분위기가 만만치 않다.,과제가 너무 많다. 감당하기 힘들다,발전 한다
추천,2016.05.02,비공개,음악학과,생각했던것 보다 훨신 괜찮다 고민하고 있으면 와도 좋다,4,4,4,1,3,4,"음악학과 지원도 많고, 교수님들도 학생들 말을 들으려고 해줌 선후배간 교류는 별로 없다.",딱히 없다,없다,발전 한다
추천,2016.05.10,비공개,간호학과,그냥저냥 다닐만한 학과 삼육대 최고존엄,4,4,5,1,4,3,캠퍼스가 깨끗하다. 서울 외곽이다 보니 공기가 좋다. 금연 금주 학교다 보니 선배들이 술을 강요하는 문화가 없다. 취직 보장 빅5병원에 많이 취업한다. 인성을 기반으로 한 간호 과정을 배울 수 있다.,고기가 없다. 후문 대학로가 너무 처참하다. 버스 배차간격이 좋지 않다. 노는 분위기가 없고 단합이 안된다. 술자리도 가끔 가지고 싶다. 남녀 따로논다. 도저히 왜 배우는지 이해가 안되는 과목이 있다.,남녀가 좀 같이 놀았으면 좋겠다. 대학로 개발좀 했으면,발전 한다
비추천,2016.06.07,비공개,카메카트로닉스학과,잘가요 여러분,1,1,1,5,1,5,여러가지를 배움,학교에서 카메를 싫어하는듯,"통폐합 할거면 카메과를 없애든가 시대를 역행하고 있어, 남들은 공대늘릴려고 난리인데",퇴보 한다
비추천,2016.06.28,비공개,간호학과,답없는 학교 과보고 다니면서 참는다,4,4,1,1,3,4,담배냄새 없다. 공기가 좋다. 캠퍼스가 이쁘다. ,학교의 단점이 매우 많다. Sda를 너무 밀어준다. 종교인을 너무 많이 챙겨준다. 그 예로 간호학과 일반 교과전형보다 sda특별전형을 더 많이 뽑는다. 위치가 애매하고 놀곳이 없더. 술마실곳은 gs25와 cu가 있다 보통 석계를 많이 간다. 학식에 동물성 단백질이 계란밖에 없다. 콩고기는 추천하지 않는다. 교수가 모두 sda출신히다 교수선발에 스팩트럼이 좁다는 뜻이다. 우리의 등록금을 신학과의 장학금으로 사용한다.,교회안에 학교가 있는 것이라서 공부 더해서 좋은 학교 가라,발전 한다
추천,2016.09.12,비공개,유아교육과,유아교육학의 전문가이신 교수님들과 최선을 다하는 학생들,4,3,2,1,2,4,"좋은 유치원 선생님이 될 수 있도록, 많은 지원을 받고, 그 만큼 공부해야 한다. 취업이 보장되어 있다.",정부의 지원이 적극적이지 못하고 유치원선생님에 대한 사회적 인식이 좋지 못하다. 열심히 공부해서 오는 학과고 졸업하는 곳인데 무시하는 경향이 크다,유치원 교사를 위한 스트레스 해소와 업무환경을 개선할 필요가 있다,유지 한다
비추천,2016.09.12,비공개,경영정보학과,경영과 컴퓨터를 융합했지만 뭔가 애매한 감이 있는 학과,4,2,2,1,4,3,우선 가장 큰 장점은 경영쪽 전공수업과 컴퓨터쪽 전공수업 두가지를 한반에 들을 수 있다는 것이다.,"두개를 융합했기 때문에 아직 부족한 점이 많아보이고, 경영과나 컴퓨터과처럼 뭔가 하나에 집중된것이 아니라서 깊게 배우지 못하는 느낌이 든다.",경영정보가 어쨌든 인문계열이니 경영쪽으로 좀만 더 힘써주길,유지 한다
비추천,2016.10.11,비공개,물리치료학과,물리치료사가 되고 싶다고? 이보다 더 좋은 환경은 없다 진짜,4,5,3,4,5,5,인서울 유일한 물리치료.보건 특성화 중독연계 학과.교수님과 학생간의 친밀도가 매우 높다. 학과 시설이 좋다,영어는 기본으로 할줄 알지?. 학점이 4.0은 되어야 대학 병원을 들어갈 수 있다. 체육대회때 강요한다.,없다,발전 한다
비추천,2016.11.09,비공개,화학과,교수님은 정말 좋다 정말 착하시다,1,2,1,1,1,4,지도교수님 정말 친절하심. 강압적인 분위기 없어서 좋다. 랩실 가기엔 좋다,은근히 잡는것 같은 잡지 않는것 같은 군기 학교 특성상 많은 반수생 대부분이 반수 편입 또는 약대 준비를 한다. 제대로 졸업 하려는 애들은 별로 없다,각종행사 체육대회 연습 은근한 강요.,유지 한다
비추천,2016.12.08,비공개,환경디자인원예학과,말 그대로 환경디자인과 원예학을 주로 다루고 원한다면 조경도 배운다,3,4,1,1,3,2,학과 분위기는 정말 자유롭다. 친구 걱정은 크게 안해도 된다. 공무원 준비에 도움을 많이 받는다. 디자인쪽은 취업이 생각지도 못한 직종에 많이 분포되어 있는게 장점이자 단점이다,"건물이 오래됐고, 5층 디자인관은 실내온실 때문에 여름에 살인적으로 덥다. 여름에 수업 듣다가 혼절할 수도 있다. 원예과에서 실습 및 실험이 너무 적다.민간기업에는 취업 자리가 없다. 그래서 전공을 포기하거나 공무원을 준비하는 편",실험시 보수공사. 온실에 쇼파좀 늘려줬으면 한다,퇴보 한다
추천,2017.01.04,비공개,유아교육과,"커리큘럼이 좋아서 실습갈 때 유용하다. 그리고 교수님들이 좋고, 학과 분위기가 좋다.",4,5,5,4,5,5,학생들 두루두루 잘 지내는 편임. 행사는 교구 전시. 스승의 날. 체육 대회. 학회장 뽑기. 이 정도 있음. 교수님들이 배우신 분들이라 친절하시고 강의의 질이 높음. 야작실이 있어서 과제할 때 밤샘이 가능함. 그 리고 1년마다 교구 만드는데 필요한 자재들을 지원해줌. 예를 들어 코 팅가위. 코팅지. 글루건심 등. 아 그리고 학기별로 모의수업 지원비 10000원도 따로 주고 8000원 쿠폰도 주니 재료살때 쓰면 됨.,난 딱히 불만이 없음. 1학년 때 토요일 채플이 있었는데 이제 토요일 채플도 사라져서 단점이 아님 . 그리고 우리 과는 과제가 정말 정말 많음 ㅠ 이번 학기에는 한 학기 내내한 과목 조별과제만 주구장창 하고 다른 과목 조별과제 개인과제도 곁들임 구 학기중엔 정말 힘 들지만 나중에 생각해보면 도움이 정말 많이 됨,"학과 커뮤니티가 활성화되면 좋겠음. 싸이월드 클럽이 있긴 하지만 거기는 자료 올리는 곳일 뿐이고 대화는 없음. 그리고 멘토-멘티 프로그램 진행되면 좋겠음. 난 이제 4학년 되지만 멘토-멘티 하면 1학년 모의수업할 때 도움도 줄 수 있고, 친목도모도 가능하고, 좋은 점이 많을 것 같음",발전 한다
추천,2017.01.08,비공개,보건관리학과,공부하기 너무 힘들어요 다들 너무 열심히 한다,4,2,2,2,3,5,"학과장 교수님이 학생들을 정말 많이 생각해주신다수업시간 외에도 다양한 취업분야에 대해서도 1학년때부터 설명을 해 주시고 준비해야될것들을 알려주신다! 다양한 자격증을 준비하는 커리큘럼이 있는데 의무기록사, 보건교육 사, 병원행정사, 보험심사평가사 등 보건직 공무원을 준비할수도 있다!!!!!! 다양한 진로가 있으나 취업난인 만큼 취업에 조금은 힘들수도 있다 (보건계열이 넘치고 넘치다 보니...) 하지만 인서울에 보건관리 학과가 3군데밖에 없다! ( 이대, 동덕여대, 삼육대) 중독특성화사업을 진행하기에 중독 연계전공을 신청하게 되면 많은 지원을 받고 다양한 학문과 실습을 접할수 있다! 학과 군기는 정~~~~말 없다 오히려 후배들이 선배를 괴롭히는 정도랄까..",학과 봉사활동 동아리를 만들었음 좋겠습니다!사회복지학부 였다가 과가 생긴지 얼마 되진 않아서 신입생들은 진로 에 대한 두려움이 많으니 더 많은 정보 제공이 있었으면 좋겠고 학회끼리 친한것보다 두루두루 친한 학과가 되었으면 좋겠음!,인원이 적은데 35명중에 학과 봉사활동 동아리를 만들었음 좋겠습니다!사회복지학부 였다가 과가 생긴지 얼마 되진 않아서 신입생들은 진로 에 대한 두려움이 많으니 더 많은 정보 제공이 있었으면 좋겠고 학회끼리 친한것보다 두루두루 친한 학과가 되었으면 좋겠음!,유지 한다
추천,2017.01.14,비공개,간호학과,종교에 거부감이 심하면 힘들수도. 쓸데 없는 과목이 많다,2,3,1,1,2,3,모두 미친듯 공부를 한다. 덩달아 공부한다. 삼육병원이라는 안전빵이 있다. 과잠이 이쁜데 학교이름이 필기체로 작게 쓰여있다.학교에서 좀 자존심이 쌤. 취업이 잘되서 선후배교류가 그닥 없는 듯 내가 있다,"종교(채플, 종교수업 채플은 맛난 간식 주니까 그나마 괜찮은데 종 교수업은 진짜 토나옴)주변의 먹을게 없음. 한학기만 지나도 모든 음식점을 다 가본다. 고 기만 있어도 평타축제못즐김 학술제 강제 참여 뭐 즐길 축제거리도 없음.동아리 재미없고 지원작음 동방도 작고 허가폭도 작음.전반에 깔린 보수적 기독교 이념(동성애 등)태움문화 지향함. 그걸 저지하는교육을 하는게 아니라 참고 견디는 게 맞다는 뉘앙스 그리고 그걸 당연하게 생각.윗선에서 제지 심함.정치적, 사회적 등...간호학과건물 의자가 집중 진짜 안됨 ㅋㅋㅋ 너무 엎드리기 좋은 의자....☆올라갈수록 꼰대기질이 생김 나 역시 반성해야할 부분.건물 와이파이 잘 안터짐일이 있으면 미리 공지를 안함 삼사일전에 공지하고 빠지는걸 탐탁지않게 여김.한달간 체육복 입히고 인사시키는 신고식 하는데 이게 선배들도 한거라 우리가 못바꿈ㅠ 다른과가 똥군기라고 비웃음",교수님 시험 좀 참신하게 내셨으면....족보본애들이랑 안본애들이랑 차 이나고 박탈감 큼ㅠ 원래 사는게 다 그렇지만 좀 변화를.…,유지 한다
추천,2017.01.16,비공개,미술컨텐츠학과,정말 모든 맛보기로 배움 알아서 다 준비해야 함,5,2,5,2,1,5,그냥 프리하다....뭐....딱히 선배들 군기잡는 것도 없고 교수님도 굉장히 좋으신 분들 입니다. 이것저것 새로운걸 체험하기 좋습니다 손으로 그림을 그리는걸 좋아하시는 분이라면 좋은 학과입니다.,학과 건물이 좀 많이 열악합니다..... 지원을 잘 안해주는지 교수님들이 항상 열심히 싸워서 작년에 겨우 히터 에어컨을 들여왔습니다....과건물이 큰것도 아니라서 작업공간이 비좁습니다.,전문적으로 파고 들어가는게 있었으면 좋겠단 생각을 항상 하고있습니다. 우리과 너무 맛보기만 해요,퇴보 한다
추천,2017.01.20,비공개,식품영양학과,영양사하고 싶으면 오세요….ㅋㅋㅋㅋ,3,2,1,1,4,4,"여초과이구,교수님이 좋음!!!!!!!!, 확실한 진로가 있는편(대부분 국가 고시후 영양사)다른학과보다 끈끈한편이다 다 소식을 알던데 방학때도?ㅋ 그 식품영양학 조과 체고예요!!!!!","여초과, 단점이란 크게없다. 삼육대학교 어느학과이든 똑같겠지만 저학년이면 체육대회 필참이고과 행사참여강요가 있다.그러나 다른학 과에 비해 약한편. 참고로 삼육대학교에 행사참요강요없는 과는 없음",없음.아무생각없이 학교를 다니고 있지만 학교에만 불만임 자유로운 영혼이라면 종교개입이 너무 심해서 재수나 편입생각하는 학우들이 있음Tㅠ 과마다 목사님이 있고 모든교수가 sda출신임 토요채플이랑 장학금등 애들아 날 떠나지마... 그리고 수시로 들어온 삼육대생중 일 부 기본상식부족한애들 있음 .. 크영어수업때 기본단어 모르는거에 서 충격..하지만 우리학교 장학금짱마니줌 이건 체고인듯!! 헤헤,유지 한다
추천,2017.01.21,비공개,환경디자인원예학과,"환경디자인, 원예, 조경분야까지 다 배울 수 있는 학과",4,4,3,2,3,3,학과 분위기가 굉장히 자유롭습니다! 선후배간 위계질서도 없고 학과 행사참여도 자유롭게 참여 할 수 있어요! 수업면에서는 환경디자인 원예 조경분야까지 골고루 다 들을 수 있어서 자기가 원하는 분야로 전공하고 진출하기가 매우 좋은 것 같습니다 그리고 두개 학과 층을 모두 쓰기때문에 건물 3층과 5층 두 층에서 활동할 수 있습니다,과방이 없어서 불편해요ㅠ물론 온실에서 쉴 수 있지만 그래도 과방이 있으면 좋겠는데Tㅠ 그리고 건물 엘리베이터가 작아서 한번에 몇명 타지 못한다는거TT계단을이용해서 올라가야하는데 5층까지 가려면 힘듭니다ㅠㅠ,과방을 만들어주시면 좋을 것 같습니다! 그리고 실험이나 실습 환경이 조금 더 조성되면 좋을 것 같아요ㅠ,발전 한다
비추천,2017.02.11,비공개,생명과학과,대학원이든 편입이든 무조건 학벌 세탁이 필요함,3,1,1,1,2,2,선배들 및 교수님들이 학생 개개인 신경을 잘 써주며 성적이 높을 경 우 교수님들 연구실에 가서 학부연구생으로 스펙쌓기 좋음 선배들도 가오잡고 허세부리는 사람 없음 먼저 다가가서 인사라도 하면 다들 친절하게 받아줌,"남자선배들은 대부분 친절한데 여자 선배 중 특정 몇 명이 인사하라고 강요아닌 강요함 실제로 16학번에서 몇 명은 인사 안 했다고 단체로 집합 시키고 전화까지 돌렸음 그 뒤로 학회 차원에서 군기 잡는 건 아예 없어졌지만 이번에는 어떨지 모름 인서울 하위대학으로 어디가서 말하기 부끄러움 교내 연구실 수준이 열악함 학점 따기 힘듬 피트 준 비나 편입, 대학원 준비하려는 상위권 몇 명이 학점 **어먹음",강의 수준이 너무 떨어짐 몇 년 전 피피티와 교재 계속 우려먹고 시험 문제까지 똑같다는 게 충격임 교수가 너무 학생들의 수준을 저평가하는 것 같음 그리고 생명과학과인데 야외실습이라는 과목에서 식물 동물 채집하는데 생명과학과가 생명을 해치는 마음이라 꺼려짐 빨리 없어졌으면 좋겠음,퇴보 한다
추천,2017.02.23,비공개,영미어문학부,캠퍼스도 꿀이고 친구 선배들도 정말 좋다,4,5,4,3,4,5,"처음에는 삼육대학교라는 이름이 약간 생소했지만, 삼육대학교가 운영한 신입생 오리엔테이션 MVP캠프에서 친구들과 선배들을 만나보고, 교수님들도 직접 보니까 인성교육을 강조해서 그런지 정이 넘친 다. 캠퍼스도 넓고 시설도 괜찮다.","물론 삼육대학교가 종교에 바탕된 학교이긴 하지만, 종교에 대한 강요가 없지않아 있는 것 같다. 물론 심한 정도는 아니지만, ""채플""과 기독교 교육이 필수로 되어있는 것을 보면 종교를 약간 어필하거나 조금의 강요가 들어있다는 것이 느껴진다. 이것은 타 종교를 믿는 학생들이나 무교인 학생들에게 약간의 거부감을 줄 수 있다고 생각한다.","영어영문학부 자체에서는 글로벌 인재전형, 즉, 흔히 영어특기자전형으로 불리는 전형으로 입학한 친구들이 몇 명 된다고 들었다. 물론 영어특기자로 삼육대까지 왔으면 공인어학점수도 꽤 높은 편이고, 영어 능력도 어느 정도 능숙한 친구들이라고 여길 수 있지만, 너무 ""재수 없다""거나 거부감을 보이지만 않았으면 좋겠다.",발전 한다
비추천,2017.02.26,비공개,일본어학과,분위기는 좋으나 메인 교수는 최악. 취업은 인문계열이니 빡셈,2,4,4,1,1,1,메인 교수가 아닌 강사분들 실력은 매우 괜찮다. 분위기 자유롭고 똥군기 없음 과실이 매우 넓다. 바울관.. 축복받은 지리적 조건 아..더이상 생각이 안난다.. 매년 학회장 역량에 따라 과행사의 질이 크게 변함 재밌는 년도가 있고 아무것도 안하는 년도가 있고..,2년제에서 4년제로 바뀐지 어느덧 10년이 넘었으나 개떡같은 커리큘럼은 여전. 강제로 4년으로 늘린듯한 수준낮은 전공필수과목들.. 진짜 빨랑 물갈이되어야함 대체로 추진력이 없고 따라가는 스타일이라 능력있는 학회장이 반드시 필요함 메인 교수 둘이 사이가 안좋음. 그냥 사이좋게 손잡고 둘다 나갔으면.. 쓸데없이 졸업조건이 까다로움..단일전공으로는 희망이 없음 신입생때부터 일본어 잘하는 애들이 섞여 들어오는데 따로 전형이 있 는건지 뭔지 모르겠지만.. 잘하는애들은 커리큘럼이 구려서 전과하거 나 나가고 못하는애들은 아무리 공부해도 잘하는애들 따라가기 힘들어서 나가는 경우가 있었음. 요새도 그러는지는 모르겠네,나는 졸업도 한참 전에 했고 취직도 전공과 전혀 상관없는 곳으로 했기 때문에.. 딱히 없다. 이상한 파벌만들생각하지 말고 능력있는 시간제 강사들 교수로 부임시키는것 말고는 답이 없다.,유지 한다
비추천,2017.02.27,비공개,미술컨텐츠학과,초사이어인 마냥 통합된다! 군기가 생길 수 없는 구조! 성인이니 네 미래는 스스로 챙겨라!,3,3,1,2,2,5,"군기가 없습니다. 우리 학교 대부분 과가 그런 경향을 보이는 것 같지만 조용히 학교 다니시고 싶은 신입생 분들에게는 안성맞춤입니다. 물론 인싸하시고 싶은 분들은 자기들끼리 서로서로 모이게 되기 마련이니 별 걱정은 안하셔도 됩니다. 대학교에는 다양한 곳에서 다양한 사람들이 오기에 자신이 중,고등학교때처럼 자신과 사고방식이 비슷할 거라는 생각은 하지 않는 것이 좋답니다. 교수님 수업의 질은 상당히 좋은 편입니다. 제가 교류학점을 끝끝내 못해 보아서 다른 학교에 비해 어떨지는 모르겠지만, 적어도 막장으로 수업하시는 일은 없을거라 보장해 드립니다. 초청되어 오시는 강사 교수님들도 대부분 꽤 좋은 분들이지만, 그렇지 않은 교수도 꽤 있는 편입니다. 다양한 미술 수업을 배울 수 있습니다. 판화, 서양화, 동양화, 도예, 디자인 기타 등등...","그러나 아래의 미컨 리뷰와 똑같이 너무 얕게 배우는 것이 단점입니다. 지금은 통합된다 해서 어떨지는 감이 잡히지 않지만... 깊게 배우고 싶은 학생들은 진즉에 재수, 편입을 하거나 아예 자퇴해 자기만의 길을 떠난 학생들도 적지 않습니다. 자기가 하고 싶은걸 찾아서 휴학하는 경우도 꽤 있습니다. 깊게 배울 수 없으니 오죽하면 상담을 해 주신 담당 교수님마저 교류 학점을 해보라는 말씀이 나오실 정도입니다. 자신이 미술을 하고 싶어서 온 건 맞는데, 어느새 저처럼 아무생각없이 졸업반을 맞이하는 마법을 맛볼 수 있습니다. 깊게 배우고 싶은 학생들은 진즉에 재수, 편입을 하거나 아예 자퇴해 자기만의 길을 떠난 학생들도 적지 않습니다. 자기가 하고 싶은걸 찾아서 휴학하는 경우도 꽤 있습니다.
깊게 배울 수 없으니 오죽하면 상담을 해 주신 담당 교수님마저 교류학점을 해보라는 말씀이 나오실 정도입니다.자신이 미술을 하고 싶어서 온 건 맞는데, 어느새 저처럼 아무생각없이 졸업반을 맞이하는 마법을 맛볼 수 있습니다.단합이 되질 않는다.우리 학과에서 군기가 절대 생길 수 없는 구조의 이유중 하나입니다.솔직히 제 입장에서는 이런면이 좋다고 느꼈는데 이번에 학과애들이 랑 좀 만나면서 이야기들을 들어보면 협조성이 없어서 학과 이벤트를 준비하는데에 큰 어려움을 겪고 있다고 합니다.학교에도 문제가 참 많은데 교수님이 열심히 싸우고 계셔서 뭐라 할수가 없다.안타깝기 그지없어요..","학과에 바라는 것 보다는 우선 학교가 개선되길 바랍니다. 아무리 종교 학교라 하여도 일반인을 학교에 들이고 있는 이상, 조금은 타협적 인 면모를 보여주었으면 좋겠습니다.학교에선 지원을 거의 해주지 않으니 학과에 대한 애정이라고는 1만큼도 생기지 않는 이 구조...
",퇴보 한다
비추천,2017.03.01,비공개,경영학과,폭주하는 전과생과 경영학과의 환장의 콜라보레이션!,1,2,2,1,3,1,"장점...솔직히 장점 없다고 생각하는데 그래도 꾸역꾸역 적어본다면 요새 문제되는 똥군기 이딴거 없다 왜냐하면 다들 개인플레이고 학과 생이 제일 많아서 누가 누군지도 모른다 1,2학년 전공수업 같은 경 우에는 바울관에서 듣는 경우가 많기 때문에 바쁠때 학식먹으러 가기가 편하다 정말정말 쥐어짜내는데도 장점이라곤 생각이 안나는 그지 같은 학과지만 한줄기 빛같은 교수님이 계시니... 회계과목에서 원탑인 교수님이 계시는데 그분 수업은 정말 최고이다 항간에서는 이 교수 님을 갓트이라고 부르기도 한다 성격도 유하면서 재밌으시다 만약 회계나 세무쪽에 관심이 있다면 이 교수님에게 도움을 청해보는 것이 좋다","앞서 언급했듯이 학교에서 학과생이 제일 많은 학과이다 1학년때는 같이 입학한 동기들 뿐이지만 점차 학년이 올라갈수록 같은 동기들의 모습은 보이지 않고 모르는 사람들만 수두룩 하게된다 이 거지같은 학교는 전과에 필요한 인원이나 학점에 별다른 제한을 두고있지 않기 때 문에 정말 개나소나 다 온다 생전 들어**도 못했던 이상한 학과에서도 오기때문에 진짜 별에별 사람들이 다 들어온다 심지어 작성자는 학교편의점에서 학점 망했는데 어쩌냐는 질문에 경영학과로 전과하면 된다는 무시무시한 대답을 흘겨 들은적도 있다 때문에 학과생들의 수준이 정~말 현저하게 떨어진다 경영학과 특성상 조별과제가 많은데 만약 같은조에 전과생들이 대부분이라면 그 조별과제는 망했다고 생각하는게 편하다 인터넷에서 한번쯤 보았던 같은 보노보노 피피티를 네가 마주할 확률이 매우 높기 때문이다 그리고 개설되어있는 강의 들은 많지만 정작 들을강의가 없다 강의를 진행하는 대부분의 교수들 수준이 매우 떨어지기 때문이다 족히 10년은 되보이는데 틀린부분을 고치치도 않은 피피티로 수업을 진행하는 교수들도 있으며 수업시간엔 열심히 딴소리만 하다가 시험기간에는 책한권이 시험범위라거나 처음듣는 학생들의 수준은 고려하지도 않은 채 자기수준에서만 강의를 진행하여 c나 f를 맞는 학생들 이 엄~청나게 많은 전공필수 과목도 존재한다 그리고 이 학과에 온 이상 교수들이 나서서무언가 도움을 주지 않을까라는 생각은 갖다버리 는것이 현명하다 모든것은 스스로 알아서 준비해야 한다 나름 경영학과라고 해서 홈페이지나 홍보책자에 나온 건물을 생각했다면 경기도 오산이다 너를 반기는 것은 좁고 낡은 붉은벽돌 건물 뿐... 시설도 매우 후졌다 마지막으로 학과가 아니라 학교에 대한 얘기이지만 종교강요가 없다고 하는데 커피, 고기, 술담배 종교교리때문에 안되고 필수로 들어야하는 기독교과목과 강제채플, 학교내에서 노래틀면 안돼서 찬송가틀고 침례받아야지만 장학금 주는데 이래도 없다고 말할 수 있나 아무튼 앞뒤 꽉 막힌 학교니 잘 선택하길 바란다",없음,퇴보 한다
비추천,2017.03.06,비공개,생활체육학과,"서울 시내 대학에서 매우 우수한 체육시설, 그러나?",2,4,3,1,1,1,체육과 치고는 남/녀비율이 반반으로 무거운분위기가 없고 전학년 두루두루 다소 화기애애함 좋은 시설로 다양한 체육시설이 있고 외부수업도 다수 있어 나쁘지는 (?)않음 체대지만 생각보다 집합이나 구타등이 적음(저때는 많았...),"교수님들 ppt나 강의자료가 최소 5년이상 된것들이 많음 (업데이 트좀 해주세요..) 체육을 빡세게 시키는건 아니나 그렇다고 이론을 빡세게 하지도 않 고 당췌 졸업하고 어떠한 커리큘럼, 어떠한 직종으로 나아가야 하나 방향성이 제시되지 않음 학생들의 장래을 체육과 내 동아리에서 주 종목을 정하고 꿈을정하는 걸 보고 할말을 잃음(졸업생 85% 이상이 pt 혹은 헬스장차림, 10%는 사업 하다가 망함, 5%는 학과 세탁하여 취업) 교수님끼리 파벌이 있어 서로 견제가 심함, 그리고 차별이 심하여 밑에 학생들만 박터짐 (ex 0100교수님 라인은 이뻐보이면 무조건 학점a이상, 아무리 공부 열심히 해도 a이상 받기힘듬, 한번 밉보이면 4년동안 교수님을 피하 는 엄청난사태가 발생) 기본적으로 학생들을 무시함, 의견을 존중하는것 따위 애시당초 기 대하면안됨 (하인이 따로없음)","졸업후 학생들을 위한 방향성을 제시해주세요(체대는 체육을 전공으로하지만, 일반 기업, 다른분야의 길이있다는 것을 알려주세요) 교수님들끼리 경쟁 하시는건 좋은데 학생을 학생자체로만 봐주시면 좋겠습니다 앞으로 학과의 발전을 위해서라면 채육이면체육, 기타 다른진로 희 망하는 친구들은 교수님들이 아시는 전문성을 최대한 동원하여 학생 들의 진로갈등을 찾아주세요 제발부탁드립니다.",퇴보 한다
추천,2017.04.02,비공개,유아교육과,여기 학교 다니지도 않으면서 평가하는 사람들 무시하고 오길 잘했다. 적어도 유아교육과는!,4,5,5,3,2,3,"일단 대학교 입학하기 전에 걱정했던 똥군기 뭐 그런 건 전혀 없어요!!! 오히려 언니들을 보는 게 너무 귀엽고 예쁜정도...> 진짜 유아교육과 오시면 알겠지만 언니들 진짜 예쁘게 생겼거든요ㅠㅠㅠㅠㅠㅠ ㅠㅠ저희끼리 막 너무 예쁘다고 매일 난리치는데 진짜로요! 유아교육과가 쓰는 건물이 제1실습관이라서 언니들 보면 꼭꼭인사하라고 하셨는데 그게 군기라고는 생각 안 해요 왜냐면 언니들이 인사 받는 게 아니라 같이 인사하거든요!! 어 얘들아~ 수업하러 가? Tㅠ 열심히 들어! 안녕 이따 봐! 하고 가셔요 그리고 아는 언니들 보면 인사하는 정도라서 뭐 그다지,,, 어쨌든 좋아요 학과 분위기 짱짱 좋고 괜찮은 거 같아요 교수님도 되게 엄마같으시고 수업도 좋아요 다만 학점을 너무 힘들게..TTT 주신다는 얘기를 많이 들어서요","과제가 너무 심할정도로 많아용..지금 아직 1학년이라 하는 방법을 모르는건지 개강한 지 1달 조금 넘었는데 거의 20일 정도를 과제하느라 제대로 잠도 못 잤을 정도! 벌써 밤을 샌 친구들도 있고 하여튼 그래요ㅎ 그리고 중간고사 기말고사 외에도 수시로 쪽지시험 봐서 어차피 종강 전까지 계속 공부해야 돼요.,,고거 말고는 진짜 단점 없는데 진짜로...음음 아 인성과 사회!!!!과목 별로예요!",교수님이랑 시설 운영하시는 분들 모두 SDA만 뽑는대서 놀랐어요 학과에 바라는 건 아니고 학교 전체에 바라는 건데 그렇게 뽑지 말고 실력있는 교수님들이 계셨으면 좋겠습니다 진짜로ㅠㅠ종교 강요 안 하신다면서 은연중에 계속 하시잖아요.. 그게 강요하는 거예요! 왜! 모르시는 건가여!!!! 좋은 교수님들 뵙고 싶단 말이에요…,발전 한다
추천,2017.04.09,비공개,환경디자인원예학과,정말 좋은 과 다 오기전에 고민말고 오고나서 생각하자,5,5,5,5,4,5,온실이라는 공기맑은 공간에서 자유롭게 쉴수있다. 교수님들과 친해질 기회가 비교적 매우 많은편이다. 똥군기? 그딴거 없다. 디자인계열과 원예계열의 수업을 다 들을수 있고 많은 실습과 야외 수업이 도움을 많이준다. 후문과 제일가까워서 편하게 살수있다.,3월달 쯤에 온실들어가면 모기가 존재한다. 5층 온실옆 강의실이 미친듯이 덥다 수업에 집중할수가 없다 노작 따로한다 학과 분위기가 매우 자유로워서 누가 선배인지 모르고 동기한태 인사한다 이런것 말곤 단점 없다 아주 편한과다.,모든게 다 이루어져있어서 바라는점이 없다. 종교학교라고 이상하게 바라보는 고딩들에게 다른학교와 별반 다를 꺼없다고 해주었으면 좋겠다.,발전 한다
비추천,2017.04.10,비공개,자유전공학부,내년에 없어진대요. 글고 딱히 올 필요도 없는듯,2,2,2,2,3,1,수업을 교양으로만 채워서 편하다. 선배가 없다. 학교 혼자다니기 편하다. 다른학과의 필수교양을 들어서 공강을 만들수 있다. 말없이 사라져도 티가 덜난다. 무엇을 더 말해야 할까??,어차피 다른 학과도 2.5학점 넘으면 전과가 가능하기 때문에 자유전공 학부가 의미가 없다. 친구들끼리 만나는 수업이 적어서 수업을 혼자들어야 할 때가 많다. 필수교양때문에 내맘대로 시간표 만들기가 힘들다,학과에 바라는점은 제발 필수교양 시간좀 바꿔주세요. 어떻게 요일마다 한시간씩 필수교양이 있습니까? 시간표 더럽게나오잖아요.,퇴보 한다
추천,2017.04.15,비공개,간호학과,학교는 깨끗하고 좋은데 너무 종교위주다 그놈의 sda 과보고 다닌다,4,5,4,1,2,3,"취업 깡패, 좋은 교수, 담배냄새 안남",공부를 너무 열심히 한다. 삼육 출신끼리 다닌다. 주변에 놀곳이 없다. 종교수업은 없앴으면 좋겠다. 과제만 더럽게 많고 쓸모 1도 없음 시간낭비. 축제가 노잼이라 그런가 체육대회를 열심히 연습한다,"sda 세상이 좁다보니까 여기서 다 집결하는 느낌인데, 비종교인 너무 따돌리는 느낌. ",발전 한다
추천,2017.04.26,비공개,컴퓨터 학부,sda에 의한 sda를 위한 ㅈ목학교지만 과만큼은 이공계열인 만큼 취업은 나이스,3,4,2,1,1,5,"과 분위기가 좋다. 실력있는 교수가 많다. 논문 하나로 박사학위를 몇개씩 따올 정도, 캠퍼스 크고 이쁘다. 벚꽃 휘날릴때면 내가 왜 사나 싶다","대학가를 찾아볼 수가 없다. 석계는 개 촌이다. 차라리 건대를 가자 친구들아.과마다 sda 교인들이 있는데, 이놈들이 지들끼리 논다, 이들의 특혜가 상당한 편, 종교 수업이 굉장히 무의미하다. 이쯤 학생들이 말하면 전인교육 그딴것좀 없애라 ","종교교육좀 그만 시켜라, 공대 신설좀 해라",유지 한다
비추천,2017.08.01,비공개,컴퓨터 학부,지금은 컴퓨터메카트로닉스공학부 공대를 취급 안해주는 우리학교,3,5,4,1,2,1,군기가 없다. 학부라 전공을 나중에 선택할 수 있다. 학부라 친구가 많다. 선배들이 착하다. 나이제라 좋다,학회비가 비싸고 해주는게 없다. Sda교수님이 많다. ,학회분들 영수증 공개좀 해주셨으면 좋겠습니다,유지 한다
추천,2017.08.07,비공개,물리치료학과,취업이 가능하다 취업이 목표라면 좋은 학과,3,3,3,3,1,3,취업. 소수과. 좋은 교수님. 공부하는 분위기,"박봉이다. 체육대회 연습 강요.sda들 교수님들 한테 붙어서 각종 장학금 활동 다 받아먹음. 학교 자체에서 밀어주는 과라고 하지만 장학금제도 전무 성적장학금도 1,2,3,등만 받는다",없음,유지 한다
추천,2017.10.30,비공개,간호학과,공부에 집중하기 정말 좋은 환경. 좋은 친구들,4,4,2,1,2,4,다들 공부를 열심히 해서 학습 분위기가 좋다. 동기들이 대부분 착하다. 취업이 잘된다. 실습 환경이 잘 조성되어있다. 본인이 열심히 한다면 대형병원에 취업이 용이하다. 자대 병원은 아니지만 재단 병원이 있다.,학점따기 쉽지 않다. 끼리끼리 논다. 군기가 어느정도 있다. 선후배간 교류가 없다. 종교인 (SDA)가 타 학과에 비해 많다. 이미 SDA끼리 친한 상태롷 학교에 들어온다. 족보가 중요하다. 종교학교다 보니 종교인들 위주로 학교가 돌아간다. ,"군기 없앴으면, 종교 강요 안했으면 좋겠다",발전 한다
비추천,2017.12.30,비공개,건축학과,사람에 따라 느끼는 것이 다른 학과 체험을 해보는 것을 추천,3,2,1,2,3,3,"친절한 교수, 수업에 필요한 물품 지원, 외부대학과 프로젝트를 자주 같이함. 작업공간이 넓음, 다른과는 교양필수 과목인 노작 할 때 상추를 심지만 건축과는 시공을 배움. 설계수업 캐드 다 재밌다. 1,2,학년에는 건축기행을 간다",밤샐일이 많다. 일부 스튜디오가 좁다. 과제가 많다,심화 과목이 있었으면,발전 한다
비추천,2017.12.30,비공개,환경디자인원예학과,디자인 전공할거면 오고 원예 전공할거면 오지 마라,2,1,1,1,1,2,장점은 여러가지 전공을 배울 수 있다는 거임.,종교학교라는 것. 별거 아닌것 같지만 별거임. 담당목사마다 다르지만 나는 헬 그 자체였음. 전공보다 시간과 정성 많이 들인 과목 처음봄. 종교수업이 있는것 까진 좋지만 이걸 학점을 매기니 문제임 목사한테 잘 보이려고 별 지랄 하는거 할게 못됨,차라리 디자인이란 조걍만 가르치고 원예학과는 폐지해라,퇴보 한다
비추천,2018.02.01,비공개,환경디자인원예학과,삼육대학교 자체에 관한 생각,4,3,1,1,1,4,"삼육대학교의 위치는 대학의 지리적 위치의 덕을 많이 봤다. 정문만 겨우 서울 그것도 서울이라 하기도 우스운 노원구 가장 자리 끝에 정문만 디밀어 놓고 과도한 혜택을 받았다. 수험생 중에 특히 서울 사는 수험생은 인서울이 목표인 경우가 굉장히 많은데 인서울이 힘든 성적을 받은 애들이 택하는 경우가 바로 삼육대학교다. 실제로 삼육대 올 성적이면 지방에 수많은 훠씬 더 나은 대학에 갈 수 있다. 근데 그저 서울라이프를 꿈꾸는 애들이 그저 인서울 하기 위해 삼육대학교 온다. 이런 애들 사앙히 많다. 또한, 인서울은 크게 염두하지 않더라도 높은 입결만 보고 들어오는 애들. 인생에 중대한 사항인 대학교를 그저 옛날부터 있던 케케묵은 대학 서열표보고 들어온 애들이 대부분일 것이다. 많은 재학생이 단단히 착각하고 있다. 삼육대면 좋은 학교는 아니지만 나름 인서울이라고 **대와는 급이 다르다고 생각하겠지만 착각이다. 삼육대는 지리적 위치로 입결만 높아졌을뿐 지잡대와 동급이다. 이름만 들어도 소름 끼치는 학교들. 차마 언급은 못하겠지만 말 그대로 난생처음 듣는 대학교들. 그런 학교랑 동급이다. 왜 그런지는 학교에 개설된 학과를 보면 알 수 있다. 돈 안잡아먹는 학과만 잔뜩 개설해놓고 등록금은 또 오지게 비싸다. 그렇다고 학교가 애들 잘되라고 이것저것 판 놓은 것도 없다. 애초에 현재 삼육대랑 동급 취급받는 학교 중에 잉렇게 공대없는 학교가 또 있나? 이거 심각한거다. 유망하거나 도전적인 학과라곤 찾아볼 수가 없다. 그냥 학교자체가 대 놓고 너희 돈뽑아먹겠다고 눈치주는데 많은 학생들이 그저 들어와서 학교다니고 있다. ","입결이 높으면 수준높은 애들이 들어올꺼란 생각도 완전 착각이다. 정시 입결이 높은데(학교수준에 비해) 수시로 들어온 애들은 장난아니다. 정시로 들어온 애들은 그래도 어쨌든 고삼때 펜이라도 잡아본 애들이지만 수시로 온 애들은 그냥 아무나 들어왔다고 해도 무방하드라. 이 학과에 대한 리뷰들을 봐라. 학과를 떠나듯이 말하는 리뷰와 학과에 다니며 말하는 듯한 리뷰가 있다. 떠나듯이 말하는 리뷰는 대체로 학과 전망에 대한 비관이 있는 반면, 학과를 다니며 말하는 듯한 리뷰엔 학과시설에 대한 토로만 한다. 보통 쉴데가 없다~, 온실이 어떠하다~. 리뷰를 쓰는데 고작해야 4년있다 떠날 시설물에 관한 얘기만 그득하다. 40년을 짊어지고 갈 학과 전공에 대한 얘기는 찾아볼 수 가 없다. 학과 전망에 대해서 부정적 의견만 많은 이유가 자신의 미래에 깊게 생각해본 사람이라면 그런 의견만 나올 수 밖에 없으니까. 만약 이 학과 자체가 장래희망이라면 절대 나쁜게 아니다. 이 학과가 있는 학교가 많지 않다고 알고 있는데 이 학과를 통해 직업을 가질 생각이라면 아주 탁월한 선택이라고 생각한다. 그렇지만 이 학과를 그저 인서울, 그저 성적에 맞춰서 왔다면 심각하게 재학을 고민하는게 좋다. 인생의 평생을 책임질 첫 디딤돌을 입결 보고 들어오는게 말이 되는건가? '정시컷 이정도면 어느정도 좋은 학교니까 이정도 겠지' 이런 **한 생각, 네이버에 대학순위 검색해서 나온 순위보고 최대한 높은 학교 찔러 올 정도로 너의 인생은 가치가 없는 건가? 다만, 이 학과 자체를 사랑하고 이를 통해 직업을 가지려는 학생들에겐 더할나위없이 좋은 학교이자 학과이므로 4점을 준다 ",아마 자퇴한 사람들 중에선 정시로 들어온 사람이 대부분일 거라고 생각한다. 정시생은 수시로 들어온 애들을 만나면 경악을 금치 못할 거다. 난 힘들게 공부해서 들어왔는데 내 수준이 이런 사람들과 동급인건가..?,유지 한다
추천,2018.03.22,17,유아교육과,삼육대학교를 진학하고 후회하지 않았습니다.,5,5,5,5,5,4,"유아교육과인만큼 잘알려주시는거같고, 제가 유아쪽으로 관심이 많은 편이라 잘온거같다는 생각이듭니다 앞으로 대학교 생활을 열심히하면서 조금더 유아에대해 가까워질수있는 학교생활을 하고싶습니다",단점은 딱히.위에쓴 장점이 풍부한만큼 단점은 딱히 생각이들지 않습니다 저랑 잘맞는과라는 생각을했고 단점이 아닌 장점으로만 생각하며 열심히 대학생활을 하고싶습니다 화이팅할수 있는 학교생활하겠습니다,솔로인 학우들을 생각해서 과 안에서 이루어질수잇는 과팅 한번 만들어 주셨음 총겠습니다 ㅎㄹ,발전 한다
비추천,2018.07.17,18,컴퓨터메카트로닉스공학부,오지마 제발 차라리 서경대나 한성대안식교인 아니면 제발,1,1,2,1,1,1,음 없다 없어 그냥 학교 자체에 없어개강 일찍하고 종강 일찍 하는 게 음거 하나 장점 겸 단점그리고 없어 어어어어 1 1 1 11111 1쓸 말도 없다각사에서 이벤트 많이 하는 거,"어느 교수는 화장실도 안보내고, 어느 교수는 맨날 자기 강의하고 싶을 때만 하고 그럼종교 색체 들어내는 교수 많음.맨날 유시민 어쩌고 저쩌고 괜히 북한에서 시작한 삼육대가 아님.천안함도 북한의 짓이 아니라면서.. 이상한 얘기들만 함그냥 여긴 학교가 문제임. 이상한 기독교 수업 들으면서 채식어쩌고 예수 어쩌고 종교 강요 없다면서 이딴 과목이 교필 과목이고, 노작 교육 있는데 알다시피 5월 달 즈음에 미세먼지맨날 경보 울렸잖슴 미세먼지 많던 적던 그냥 나가서 농사 지어야 됨ㅋㅋㅋㅋ 진짜 ㄹㅇ 개쓸모 없는 강의들 태반각사 밥은 ㄹㅇ 교도소보다 못하고 학식도 돈주고 먹긴 아까운정도지만 각사보단 나음 그냥 *각사 아침운동도 해야되고.. 뭐 간식 같은 거 와도 고기는 절대 없고 후문에 맘스터치랑 쥬씨 있는데 다 삼육대 관계자들이 하는 거라 후문 쿠폰 주면 맨날 맘터, 쥬씨임.커피는 안되면서 핫식스는 되고 코카콜라는 안되고 펩시콜라는 되는 그냥 지들 하고싶은 대로 다 하는 대학교학교, 학과, 교수 난 다 맘에 안들어서 반수 할 거",제발 종교 강요 좀 적당히 하고 학생들의 의견 좀 수용해라 개치니까이러니까 학교가 욕 먹지,퇴보 한다
비추천,2018.07.17,비공개,음악학과,SDA 이가 아닌 다른 종교의 학생들은 오지마세요 반수를 추천합니다.,1,3,3,1,1,1,강사진 교수님들이 진짜 좋습니다. 다는 아니지만 진짜 차별없이학생에게 다가와주시는 교수님도 계십니다. 뭐 그다음으로는 쓸 말이 없습니다. 그 만큼 장점을 찾기 어렵네요 ㅎ 선배들과의 틀러블은 없습니다.,종교 강압이 힘든것이 아니고 자기 종교인 사람만 엄청 챙김니다. 특히 실기시험때 일인데 가사를 틀리고 벡사리가 난 친구가 a+을 받았어요 .ㅎ ㅎ 그친구는 sda이였습니다. sda 이면오세요 아마 날개를 달아줄거에요 아니면 진짜 오지마세요 삼육이 등록금도 비싸고 모든기회는 sda 인 사람에게만 우선순위로 돌아갑니다.,어차피 바끼지 않는다는거 알기에 떠납니다~^^떠나기전에 남아 있는 친구들을 위해 적습니다. 우선 학교여건이 안 맞는다고 책상도 없는 강의실에 수업하지 말아주세요한학기 등록금이 400만원이 넘는데...,퇴보 한다
추천,2018.09.06,18,간호학과,종교가 심하다고 하는데 나는 잘 못느끼겠다.하지만 전도문화 싫어하면..,4,4,4,2,3,3,1.캠퍼스가 깨끗하다.2.땅콩제도가 있어서 윗선배들하고 자주 어울릴 수 있다.3.다른학교는 아직 집합이나 똥군기가 있다고하는데 우리는윗세대부터 없어졌다.4.학교에 고양이가 있다.5.학식도 나름 괜찮다.6.공기가 맑다.7MT없다.8.아침예배 없어졌다!(운동같은걸로 대체가능),"1.술,담배 안된다.2.학교가 서울 구석에있다.3.후문에 먹을게 별로없다.4.종교채플이 항상 이상한시간에있어서 채플때문에 학교오는애들도있음(채플안들으면 졸업못함)5 .간호과는 체육대회 연습, 응원 필참하라고 한다.(보통 저녁6~7시에 시합함.통학러들은 죽음.근데 사전에 선약이 있어서 못갈것 같다고 미리 말하면 빼주심)6.(종교) 기독교든 불교든 어떤걸 믿는걸 싫어하는 친구들은버티기힘들 수 있다.7.아직까지도 PPT에 글 잔똑 올려놓고 그대로 읽으시는 교수님이 있다.(수업하기 싫으신가봄.)",좀 더 발전하는 간호학과가 됐으면 좋겠다.예전보다 더 나아지고 있으니까.그리고 교수님들 제발 PPT에글 잔똑 올려서 쭉 읽는 수업말고 이야기도 해주시면서 내용을이해시켜주는 수업을 해주시면 좋겠다.,발전 한다
추천,2018.10.07,비공개,컴퓨터메카트로닉스공학부,이 학교와서 편입이나 졸업할 생각아니면 반수도하지말고 재수해라. 그게나은거같아,2,4,3,2,1,2,1.담배냄새 인남 2.종교인이면 할만한곳임 3.수능공부들 제대로 안한사람은 올만함 4.사람들이 대부분 인성이 나쁘지않음 내 주위사람들은 그럼 5.컴메카 수업 분위기는 괜찮은거 같음 (올 거면 노트북 사놔라)6.램퍼스가 큼,"1.학회비 25만원 쓸데없다. 4년간 25만원이지만 주는게 너무없음 거기다가 안내면 사물함도 못쓰게함 관리비라고 2.종교수업 2년동안 2시간 씩 채플이라는 과목 학점0점 짜리를 안좋은시간에 1시간씩 투자해야함 3.고기가 없음 4.교수님들이 진도 나갈 생각만 하지 학생들이 이해하도록 잘 안도와줌 예외로 잘 해주는 교수님도 있긴함 그덕분에 버틸만할수도있음 하지만 흔하지 않음 5.노작교육 이걸 안말할수는 없다. 처음 학교에 가게 되면 우리들은 공부가 아닌 농사를 해야한다. 근데 그낭하는것도 아니고 미세먼지가 최악인날도 나가서 농사를 해야하며 땡볕에서 의자도 없이 허리굽혀서 땀 뻘뻘흘리며 일해야한다. 교수님들에게 뭐라도 하나잘못걸리면 재수강이다 조심하자. 노작교육은재수강 안받는 애들이 승리하는거다. 6.영어 교양필수는 무조건 월요일 오전9시에 한다, 그렇기에 월요일날 일찍 학교를 가야함 7,펩시콜라는 있고 코카콜라는 없음 8.방학에 하면 되는 공사를 학기중에해서 이동하는데 매우 불편해짐 9.주변에 오락거리가없음 pc방도 주변에없어서 좀 걸어가야 나옴 노래방이나 블링장 등 같은건 주번에서 못봄 다른사람들 이야기들에보면 더 단점이 있는데 내 경우엔 이정도임",종교수업은 듣고싶은 사람만 듣게해주고 학생들의 의견을 좀 많이 수용했으면 함 돈도 많으면서 너무 학교에 투자를 안함. 교수님들도 학생들을 많이 도와주었으면함. 장학금도 많이 주었으면함. 그리고 학교 후문에 오락거리라도 한두개 더 만들었음 좋겠음. 그놈의 노작교육은 얼른 페지시키던 1시간으로 줄이기라도 해라 신입생들 다 떠나간다. 채플도 7학기나 하는건 너무 하잖냐 아무리 못해도 2학년에서 끝내줘라,유지 한다
비추천,2019.01.01,17,아트앤디자인학과,"커뮤니케이션 디자인(시각디자인) 이랑 미술컨텐츠(순수미술,회화) 랑 합쳐진 과",2,5,2,2,3,3,장점은 그냥 똥군기 없ㅋㅋㅋ,끔찍한 혼종 ㅋㅋ 디자인이랑 회화를 같이하는건 진짜 ㅋㅋㅋㅋㅋ 다른 학교는 미대 과가 많으니까 통합되도 그러려니 하는데 단 두개밖에 없던 학과를 통합시켜버리니 내가 디자인과인지 그냥 순수미술 배우는 사람인지 정체성 잃어감. 삼육대 미대 옛날엔 워너비였는데 갈수록 경쟁률 떨어지는거 보고 통합되면서더 망했구나,걍 빨리 졸업하고싶다 ; 등록금낸걸로 졸업장이라도 받아야지미대 오지마셈 다른과는 모르겠지만 미대는 답없다붙어도 재수해그냥 ㅋㅋㅋㅋㅋㅋㅋㅋㅋㅋㅋㅋㅋㅋㅋㅋㅋ,퇴보 한다
추천,2019.01.09,18,아트앤디자인학과,뭐 과는 괜창은거 같은데 아직 잘모름,4,3,2,2,2,4,군기 전혀없음. 선배들이랑 친해질 기회가 많음. 아무래도 미컨이랑 커디랑 통합된 과라서 그런지 진로 폭을 넓힐수 있는장점이 있음. 동기들도 괜찮아서 금방 친해질수있고 교수님들도괜찮음,아무래도 통합된과라서 그런지 자기가 디자인을 배우는 건지회화를 배우는 건지 구분이 안됨. 실기로 온 동기들 사이에서도 경쟁심이 좀 심하다고 해야하나(?) 사립이라 등록금이 비쌈,과가 많았으면 좋겠다. 자기가 구체적으로 무슨 전공인지 잘모르겠는데 시디 나 영디 등등 분야가 다른 과도 만들었으면 좋겠다. 등록금도 비싼만큼 재료비등 지원해줬으면 좋겠다. 수강신청하는거 인원 수 늘렸으면 좋겠습니다!,유지 한다
추천,2019.03.07,비공개,아트앤디자인학과,최고의 경쟁률을 자랑하는 학과!,4,3,4,2,2,3,미대 입시생들은 알다시피 미대 경쟁률이 서울 최고다. 그래서 그런지 다들 그림을 잘그리고 과제의 켈리티(?)가 높은편인것 같다.2.인서울 대학이다.3.똥군기 전혀없다.4.교수진이 생각했던 것 보다 괜찮다.5 .회화와 디자인이 섞여있어서 호불호가 많이 나뉘는 편인데나는 그림그리는걸 프로그램 다루는 것 보다 좋아해서 매우 만족한다.,"1.술, 담배가 학교안에서 행해질수없다.2.학과에 지원을 잘안해주는 것 같다.(시설 노후화)3.주변에 술마실곳이 별로 없다..석계나 별내로 가야 제대로먹을수있다.4.그나마 후문에있는 흡연실이 좁다.5.인지도가..좀 떨어진다.","매년 수강신청제도와 교수강의방식,시설등의 문제로 컴플레인이 나오는 것 같은데 좀 고쳤으면 좋겠다. 학식에 고기도 나왔으면 종겠고 될수만 있다면 제발 학교안에 흡연실이 생겼으면좋겠다..",발전 한다
추천,2019.03.18,비공개,컴퓨터메카트로닉스공학부,종교 강요 심하다는데 나는 잘 모르겠음,4,5,5,2,4,4,학과보단 학교 위주로 쓰자면 원서쓰기 망설이는 사람들 중 대부분이 종교 강요때문이라고 생각하는데 캔적으로 저는 무교이고 강요는 1도 느껴본 적 없음 물로 종교학교니 채플 0학점.수업이 있긴하지만 이걸로 불평하긴 좀.. 그리고 솔직히 sda친구들이 많은데 활발한 인싸들보면 거의 스다인듯 근데 이 친구들이 무교에게 종교를 강요하는 것도 아니고 문제될거 없다 생각함 과자체의 분위기도 나쁘지않고 술강요 없습니다 근데 대형과다보니 처음보는 얼굴이 같은과일 때가 많음ㅋ ㅋ ㅋ,학식 노맛노맛노맛노맛 노맛인데 가격은 또 비싸 앞으로점심은 후문나가서 먹도록 합시다 나도 맛있는거 먹고싶어.,간혹 어떤 교수님께서 수업하시는데 목소리가 작으셔서 잘 안들림 마이크 쓰시는거 같던데 그래도 뒷자리 앉으면 안들리더라..,발전 한다
추천,2019.04.18,19,간호학과,전체적으로 무난하고 딱 평범한 간호학과,4,4,4,2,3,4,먼저 종교강요 심하지않다 이 학교 다녀보기 전까지는 나도 무교 여서 종교땜에 힘들것 같고 완전 사이빈줄 알았는데 직접와서 보 니까 그냥 평범하다 종교로 학생 차별하는 일도 없는듯 하다 애 들도 다 착하고 채플도 그냥 재밌는 활동하는 시간정도 같고 전도 문화가 심한지도 사실 잘 모르겠다 그리고 똥군기 같은거 정말 전 혀없다 그냥 선배 후배끼리 아는사이 아니면 아예 신경도 안쓰고 인사도 안한다 그리고 흔히들 말하는 big5 취업률도 괜찮은 편이 고 아웃풋도 꽤 좋다 삼육고 출신들끼리 뭉쳐서 못낀다는 말도 있 었는데 일단 우리학번은 별로 안그렇다 동기들도 다 착하고 내가 아는 선에선 간호학과오면 학점 경쟁같은거 엄청날거라고 생각 했는데 생각보다 그렇지도 않다 학교에서 엄청나게 밀어주는 과 여서 그런지 딱히 불편한것도 없다,일단 학교안에서 술담배가 안되고 기숙사 규율이 엄격하다 술먹 고 기숙사 들어오면 안되고 가끔 음주측정도 한다고한다 그리고 가장 큰 문제는 학식에 고기가 안나온다 건강하라고 채식으로 나 오는건데 탄수화물만 나와서 오히려 건강 망치는 느낌 그리고 학 교주변에 먹을게 별로 없다 후문식당도 제한돼 있어서 맨날 똑같 은 음식 반복이다 그리고 1학년 담당 교수님들 거의다 괜찮은데 딱 한분 맨날 나때는 나때는 거리면서 우리들은 곱게 자라서 태움 같은거 못버티고 병원 맨날 관둔다는 꼰대한명 있다. 그리고 체육 대회 종목 선정할때 신입생 전원 참가하라고 하고 실력 품평했다 고 부당하다고 하면서 난리 한번 난적 있었는데 이건 뭐 개인 가치 관의 차이니까 개인적으로 난 그냥 재밌었다 그리고 내가 간호학 과여서 다른과 입장을 제대로 이해한다고 할 수는 없겠지만 그래 도 학교에서 밀어주는 과 몇개 빼고는 신경 잘 안써주는 느낌이다 어떤 과는 전공수업도 정원을 학생보다 작게 잡아서 수강신청 실패하면 못듣는 경우도 있다고 한다,딱히 없다,퇴보 한다
추천,2019.06.02,19,간호학과,뷰티 간호 최강 간호 군기 그딴거 없다,4,4,3,1,4,4,"일단 삼육대 종교때문에 거리낌 느끼는 분들 많을텐데 나도 그랬 었지만 막상 오니까 직접적으로 종교 강요도 없고(약간은 있다. 이 건 단점에서) 채플시간도 꽤 재밌다. 노래완전 좋음.
그리구 우리학과 절반정도는 빅파이브간다고 하니 아웃풋도 괜찮
고 재단병원이지만 삼육병원도 있긴하다
아 그리고 진짜 군기는 1도 없다 학회 안교아닌 이상 선배 얼굴을 알기 어렵고 같은 건물에서 만나도 서로 쌩하고 지나가는게 보통 이다 선배들과 친해지고 싶으면 학회나 안교를 하는게 좋을 것 같다
또 아직 제대로 보지는 못했지만 실습실이 아주 잘 갖춰진 거 같다 그리고 2 3학년 선배들 실습복 입던데 실습복 이쁨
인원이 많아서 1학기 거의 끝나가는데 가끔씩 완전 처음보는 얼굴 이 있을 정도로 갠플해도 많이 티안남 웬만한 교수님들 다 설명 열심히 해주시고 열정이 있어보이신다
그리고 성적도 딱 내가 한만큼 나오는 거 같다 애들이 확실히 다 열심히 하긴하지만 안하는애들은 안하고 하는애들은 하는 정도 하지만 하는애들이 훨 많다
아 그리고 수면실 이게 다른 학교도 있는건지 모르겠지만 우주공강때 유용하다 가끔 코고는 사람들 때문에 빡치긴 하지만 짱좋다
그리고 해외봉사를 한학기마다 면접을 봐서 간다 이번에는 미얀마 를 간다고 한다 해외봉사뿐 아니라 국내 봉사도 하고 다양한 봉사 프로그램이 있어서 좋다
아 그리고 평지이다 이거 은근 중요하다 기숙사쪽은 좀 경사가 있지만 대학교는 완전 평지여서 살짝 경사있는 후문이 힘들다고 느껴질 정도이다
우리 학과 애들은 뭔가 하나를 해도 다 엄청 열심히 하는 느낌이 강하다 그래서 교양에서 무슨 대회같은 것을 해도 1 2위를 휩쓸어 왔던 적이 있다 그리고 시험기간에는 도서관이 거의 간호학과 사 람으로 차있는걸 많이 봤다","아까 장점에서 종교강요는 했는데 직접적으론 강요를 안해도 간접 적으로는 한다 일단 학식들 다 고기 절대안되는데 닭고기만 안되 는거면서 소고기 돼지고기 일체 없다 그리고 금요일마다 종교때 문에 모든 수업이 좀 일찍끝나지만 도서관이나 셔틀도 다 일찍 중 단해버린다 이게 시험기간에는 도서관을 종교때문에 이용못한다 는 스트레스가 좀 있다
그리고 학교주변이 너무 죽었다 상가도 거의 없고 코노하나를 가 려해도 십몇분은 걸어서 많이 나가야 있다
술 다른 학교 축제를 안가봐서 모르겠지만 주점은 안되도 다른데 에서 **고 온다는 얘기를 들었다. 아직 축제를 안해서 확신할 수 없지만 우리는 축제 때 술은 상상도 못할 것이라는거",우주공강 시간표는 안만들어줬음 좋겠다 시간표가 거의 짜서 나오기 때문에 내 노력으로도 안된다  그리고 셔틀 시간을 좀 더 빽빽하게 해줬으면 좋겠다 7시까지는 운행했으면,발전 한다
비추천,2020.03.04,18,아트앤디자인학과,디자인과 회화를 같이 배우는 학과 커리큘럼이 전반적으로 짬뽕되어있다,2,3,2,3,3,1,다양한 걸 배우니만큼 안에 있는 학생들도 다양한 분야로 나가고 싶어한다 별의 별 사람들을 다 만날 수 있다는 것이 장점인 것 같 다 먹고 살 수 있는 길이 정말 다양하다는걸 느꼈다 그리고 강사님 들이 열정이 넘친다,정교수님들은 수업에 별로 관심이 없는 것 같다 가르쳐주시는 내 용이 그닥 유익하다거나 새롭지 않다 학교에서 별로 지원을 안 해 주기 때문에 스스로 살 길을 찾아 가야 한다 그리고 과가 통폐합 된 과라서 정체성이 부족하다,모션그래픽 사진 일러스트 회화 등등 미대에서 배우는 건 종합적 으로 배운다고 생각하면 됨 다양한걸 배우고 싶은 분들이 오시길,유지 한다
비추천,2020.03.04,비공개,경영학과,전교생에 절반은 경영학과 아닐까 전과생이 왜이리 많은지 모르겠다,2,3,2,3,2,1,"학과에 서로 누가 있는지도 모를 정도로 개인플레이다 그래서 군
기 같은건 전혀 없고 본인이 하고 싶은대로 대학생활을 하면 된다
다른 과 리뷰를 보니 휴학도 마음대로 못 하는 곳이 있다던데 우리
학교는 그런건 전혀 없다","교수님들의 수업이 진짜 너무 옛날방식이며 배우는 내용도 구식이 다 몇년째 같은 피피티에서 벗어나지를 않으시며 시험 범위도 학 생들을 배려하지 않으신다 주먹구구식으로 진행되는 수업도 엄청
많다",전과생좀 적당히 받았으면 좋겠다 본 전공 학생수도 엄청 많은데  전과생까지 하면 절레절레,퇴보 한다
추천,2020.03.04,18,간호학과,군기도 없고 서로 사이도 좋은 우리 간호학과,4,3,3,3,4,3,"삼육대학교 자체가 대학교 인식이 크게 좋은 학교는 아닌 것 같다
다만 간호학과 만은 취업률도 높고 학생들간의 사이도 좋은 곳이다 여초과라서 좋은 친구를 많이 사귈 수 있고 주변에 놀 곳도 나쁘지 않다",간호과이기 때문에 공부할 양은 정말 상상을 뛰어넘게 많다 교수님들이 학생들을 별로 신경 안 쓰시고 시험범위를 남발하신다 자격증을 위해서 공부해야 할 양도 많고 학과공부도 진짜 엄청 빡세다,시험범위 조금만 줄여주셨으면 좋겠다 그리고 시간표가 짜여서 나오는데 지금은 너무 우주공강 ,발전 한다
비추천,2020.03.04,비공개,경영학과,취업에 관련한 길을 하나도 안만들어 준다,2,3,2,3,2,2,"서울에 있기 때문에 통학 하기에는 편하다 지하철로 다니기 나
쁘지 않음
경영이기 때문에 다른 문과 과보다는 취업에 앵간 도움이 된다 사람이 많아서 군기 같은건 전혀 없다","취업을 잘 하고 싶다면 여기는 절대 오질 마시길 학교에서 취업 관련한 지원을 아예 안해주기 때문에스스로 모든걸 준비해야 함
종교재단이 너무 심하다 옛날처럼 엄청 강요하지는 않지만 여
전히 남아있다",선후배관계가 너무 재미가 없다 학교에서 취업지원도 잘 안해 주는데 과 사람들끼리만이라도 좀 재밌게 지냈으면 좋겠다,퇴보 한다
비추천,2020.03.04,비공개,일본어학과,강사님들이 많아서 다양한 수업을 들을 수 있다,3,3,4,3,2,1,과 분위기가 좋다 군기가 전혀 없는 자유로운 분위기 강사분들이 많이 오셔서 수업을 해 주시기 때문에 나름 다양한 형식의 수업을 들을 수 있다 과 행사가 재밌다 과 행사 없는 과도 많던데 우리과는 재밌음,학과 교수님들의 강의 실력은 잘 모르겠다 교수님들끼리의 분위 기가 그닥 좋지 않다 전공을 살려서 취업까지 가기가 힘들다 일본어과만 전공하는 것 보다는 복수전공을 꼭 해야 한다,일본어를 기존에 잘하는 상태로 들어오는 사람들이 너무 많은 것 같다 나중가서도 따라잡기가 힘들더라 ,유지 한다
비추천,2020.03.05,비공개,아트앤디자인학과,다양한 걸 배울 수 있는데 제대로 배우는건 없는 것 같다,2,3,3,2,1,1,"삼육대에서 과거에 미대가 유명했다보니 나름 알아준다 어디가서
삼육대 미대라고 하면 알아봐주는 사람들이 은근 있다 그리고 과
분위기 군기 하나도 없고 좋다 자유롭게 생활 할 수 있는게 장점임",회화와 디자인을 함께 배우는 기괴한 학과다 통폐합을 하도 시키 다 보니 이런 결과가 나온 듯 내생각에 우리과 합친 사람은 커리큘 럼 한번도 안 읽어본게 분명함 과에 정체성이 없다 보니 배우는 내용도 실속이 없음,등록금 아깝다 진짜 여기 말고 제대로 된 미대를 갈 걸 그랬다 삼육대 미대가 이렇게 된 줄은 몰랐다,퇴보 한다
추천,2020.04.27,비공개,경영학과,학생들에 대한 지원을 퍼붓듯이 해주는 학과,4,5,5,4,5,5,"인서울 끝자락 라인에 속해있는 학교라 성에 안 수도 있으나  여기 와서 정말 깜짝 놀랐다 학교가 멱살 잡고 학생들 끌어올리는 느낌
학생들에대한 지원을 퍼붓듯이 한다 여러가지 사업도 많이 받고 종교재단
돈도 겁나 많아서 퍼붓는다 정말 근데 학생들이 참여를
잘 안한다","단점이라면 모두가 알다시피 대학 네임벨류가 나름 중요한 이 경
영학과에 삼육대가 대학 네임벨류로서 마지노선도 아니고 그 아래라는것 이다 그건 다들 동의할거다 그래서 위에 애들보다
몇배는 더 열심히 공부해야한다 정말","딱히 없다 너무 퍼붓다싶이 해서 더 바라면 진짜 욕심쟁이다
굉장히 만족한다",발전 한다
비추천,2020.04.27,18,아트앤디자인학과,2년동안 다니며 느낀것들을 간단히 정리해봄,1,4,1,1,1,1,"경쟁률이 미대로는 서울에서 탑 3안에 드는 명예를 가지고 있다
사실 이게 좋은건 아님 만만해서 지원하는애들이 많은것 뿐
뭐 이쪽 종교인이시거나 이쪽 종교인이 되고싶다면 추천
한국 경제가 어떻든 지들끼리 잘해먹고 잘살것같음
그리고 시설 거론하는애들 많은데 시설은 나쁘지않음 솔직히 좋다
봐도 무방함","인서울 빼면 그냥 지방대랑 똑같다
인서울인지도 모르겠다 왜냐 직접 대학탐방이라도 한번 가보면 알것이다
미래가 보이지않는다 그냥 어둡다 사실 뭐 자기 하기 나름인데, 중소기업 같은데 들어가서 뭐 받아먹고 살거면 여기 있고 뭔가 크 게 이루고싶다면 도망치길 필히 추천한다
머리가 텅텅 빈 친구들이 좀 많음 얘네는 뭐할까 이생각 혼자 자 주함","학교 종교인들 집좀 어떻게 해주세요 그것만 없어져도 위상 올
라갈듯
시대가 변하면서 수업 커리큘럼도 바껴야 하는데 유튜브 강의보다
못한 저품질 강의로 500만원에 달하는 돈을 내야 한다는것이 너 무 아까움
어중간하게 학교 나와서 졸업장 말고는 얻는게 있을지 모르겠다",퇴보 한다
비추천,2020.04.28,17,영어영문학부,삼육대 영어영문은 괜찮으나 영어영문을 멀리하는 사회로 인해 추천하고 싶지 않다,1,4,3,4,4,4,일단 오시게 되면 대부분 정말 학과생 대부분이 전과 아니면 편입 반수를 준비하게 됩니다 여러분들도 다 아실거라 생각합니다 문사철이라는 단어가 괜히 나온게 아닙니다 그대로 가져가다가는 취업도 못 하고 아무것도 못하는 신세가 될 수 있습니다 진짜 영어가 너무 좋다 여길 연구해보고 싶다 하면 그래도 말리고 싶습니다,나는 분위기에 휩쓸리지 않고 잘 할 자신있어 그럴까요 과 옮기는 많은 학생들 보고 정말 많이 흔들리실겁니다 그런데 학교자체는 나쁘지 않습니다 인식이 안좋은 것만 빼고는 태생이 서울권 끝자락에 위치해 있기에 발버둥쳐봐도 올라가기 힘든가 봅니다,사실 바라는점은 없습니다 영어영문의 본징적인 문제이지 삼육대 영어영문학부의 문제가 아니기 때문입니다 정말 서연고 영어영문도 취업하기 힘들겁니다,퇴보 한다
추천,2020.04.28,비공개,영어영문학부,나날이 발전해가고 있는 학교 앞날이 창창하다,3,4,4,3,5,5,나날이 발전해가는 학교 학생들에 대한 지원도 짱짱하고 해외 연수 지원 장학금 포트폴리오를 위한 비교과 프로그램 어마어마 하게 지원해준다 시설 유지보수도 굉장히 잘 되고 낸 등록금 다 돌려받는 느낀든다 더불어 삼육은 어학쪽으로 sda로 굉장히 유명해서 짜임새 있는 좋은 학과이고 교수들도 훌륭하다 ,어디까지나 취업부분을 배제하고 과 자체만 놓고 봤을때는 굉장히 호다 다만 어문계열이기 때문에 취업이 힘들다는 점은 염두해 두고있어야 한다 가끔씩 영어영문 취업 잘되나요 물어보는 질문들 많은데 고용인 입장으로 생각해봐라 영어만 잘하는 사람을 뽑을까 절대 아닌다 영어는 기본 소양이다 누구나 다 할 줄 알아야 한다 그러면 방법이 없나 그건 아니다 복전이라는 좋은 제도가 있다 와서 학교에서 마련해주는 여러가지 프로그램 꼭 참여해서 복전하여 잘 준비하면 좋은 결과가 있을 것이다,지원에 대한 부분은 정말 만족스럽다 별5개만점에 5개주고 싶다 학교 네임벨류가 낮은걸 학교가 어떻게 할 수는 없으니 만족하겠다,발전 한다
추천,2020.04.28,19,화학생명과학과,취업을 보고 오시는 거라면 한 발 물러서주시기 바랍니다,3,4,5,4,2,4,장점을 적으라니 일단 과 분위기는 정말 좋습니다 아 이런 재밌는 생활하려고 열심히 공부했구나 싶습니다 정말 편하게 행복하게 잘 다니고 있고 선배들도 너무 착하십니다 주변 인프라도 괜찮고 다만 학식은 고기가 없어서 별로,다만 자과대라 취업을 보고 오시는 거라면 한발 불러서 주시기 바랍니다 학사로 끝낼거면 복수 전공은 필수로 해야 하고 복전이 죽어도 싫다면 석사를 할 수 밖에 없는 과 입니다 그래서 여기 나와서 약대 준비로 빠지는 학생들고 있습니다 특히 화학이랑 생명과학 붙어있는데 생명과학 쪽이면 더더욱 취업을 바라보기 힘들고 생명쪽이라면 석사도 힘든게 현실입니다 우리나라는 이쪽으로 인프라가 많이 없는 것 같습니다,아직 몇학기 안다녀봐서 잘 모르겠어서 이 부분은 나중에 군대 다녀와서 생기면 적겠습니다,유지 한다
추천,2020.04.28,18,동물생명자원학과,쉽게 농대라고 생각하시면 됩니다 이 전공 정말 추천드립니다,4,5,5,3,3,5,흔히 사람들이 아니 학생들이 많이 기피하는 농대 입니다 사실 알맹이는 굉장히 좋은 그런 곳인데 많은 사람들이 기피하는 이유는 농자가 들어가서인 것 같습니다 그래서 이름도 동물생명자원공학과로 지었나 봅니다 우리 학과는 동물생명공학과 자원이 합쳐진 과인데 진출분야가 뭐 대부분은 사료 회사 축산 쪽 연구원이나 공무원 이런 곳으로 취업합니다,사람이 아니 생물이 먹고 살아가는데 가장 중요한 부분을 다루고 있는 학문인 만큼 절대 전망이 안 좋을 수가 없습니다 더불어 이쪽은 오히려 미래에 촉망받는 분야이기도 합니다 기피하지 말고 편견버리지 말고 생명쪽으로 좋아하신다면 한번 고민해보시기 바랍니다 학점 잘 받고 어학 잘 분지하고 교수님 밑에서 열심히 배우시면 취업 어려운거 아닙니다,삼육대 동생자 진짜진짜 추천드립니다 학과 학교에서 홍보 많이 해서 좋은 후배들 들어왔으면 좋겠네요,발전 한다
추천,2020.04.28,18,동물생명자원학과,축산쪽이 강세라 여기 생각한다면 추천함,4,4,4,4,3,4,생명쪽으로 광범위한 커리큘럼 생명과학분야나 환경 축산 심지어 반려동물 까지 다양하게 잡을 수 있음 특히 축산쪽이 정말 강세 나쁘게 말하면 축산쪽을 더 많이 밀어줌 그래서 졸업생들도 대부분 축산쪽으로 가서 축산에 생각이 있다하면 오고 생태쪽으로 빠짐,종교 학교라는걸 생각하고 있어야 함 종교강요가 없기는 하지만 귀찮게 하는건 있음 근데 다른 종교학교와 마찬 가지로 여길 넣기로 결심했으면 그 정도는 감수 해야함 아 그리고 학식 진짜 노맛,취업은 그래도 생명쪽은 원래 잘 되는 편은 아니지만 여기는 잘 되는 편이기도 하고 해서 만족,발전 한다
추천,2020.04.28,18,동물생명자원학과,생명쪽으로 일가견 있는 삼육대 아시죠,4,5,5,3,3,5,우리 학과는 공과계열 입니다 커리큘럼은 생물학 생명공학을 베이스로 유전 쪽으로 축산이나 사료 쪽 혹은 사람들에게 포커스가 맞춰져 있습니다 교수님들 다 해외쪽에서 몸담고 오신 훌륭한 분들이라 교육 퀄리티는 말할 것도 없고 삼육대가 원래 생명쪽으로 굉장히 인지도가 좋다는거 아실거라 생각합니다 인프라가 굉장히 잘 갖추어져있고 선배들고 전공분야쪽으로 사회에 많이 계시기 때문에 자극받고 저희도 열심히하게 됩니다,다만 공정쪽 과목은 생명을 좋아한다고 해도 진짜 토나올정도로 어렵습니다 괜히 생명분야가 입결이 높은게 아닌거같습니다 외울것도 굉장히 많고 인터넷에 자료가 많이 없어서 있지만 영어 좀 못하면 많이 고생하실 수 있습니다 생명공학도에게 영어는 필수입니다,너무너무 만족하면서 다니고 있습니다 벌써 절반이 지나가는데 불편했던 점이 하나도 없습니다,발전 한다
비추천,2020.04.28,비공개,경영학과,경영학과는 정말 좋지만 학교는 그렇게 좋지 않아,2,3,4,4,3,3,"경영이라는게 생각보다 범위가 굉장히 넓어 회계나 세무 쪽도 생각할 수 있고 마케팅이나 은행업무 등등 정말 광범위하게 다루는 학문이야 그래서 문과하면 경영 경제를 꼭 가라하는거 같아
안 쓰는 곳이 없거든","하지만 일단 다 떠나서 취업을 준비하는데 날 뽑아줄 만한 곳이 없는 것 같아
그래서 공무원 준비하고 있다 경영학과를 추천하는 건 맞지만 생각보다 사회에서 삼육대 경영을 생각하는 인식이 그렇게 좋지는 않은 가봐 지방에 있는 사립대나 여기나 그냥 정말 별반 다를 게 없나봐 진짜 좋은 학교가 아닌 이
상은 여기서 학교 간판으로 할 수 있는 일은 없어","하지만 이 문제점을 알고 남들보다 더 열심히 노력한다면 좋은 결 과가 있지
않을까 생각해봐 나는 이미 늦었지만 그래도 갈 수 있으면 더 높은 대학 가는게 경영학과는 맞는거같아",유지 한다
추천,2020.04.30,19,상담심리학과,심리학과 상담학 두 가지를 챙기고 다양한 종류의 분야를 접할 수 있습니다,4,4,5,3,4,4,우리 학과는 심리학과 상담학 쪽 두 가지를 기본으로 두는 커리큘럼으로 하고 있습니다 심리 쪽으로 직업을 가지고자 한다면 대학원을 필수로 가야 하지만 우리 학과는 상담 쪽도 다루고 있기 때문에 학사 수준으로도 취업 문제가 없습니다 실제로 컬리큘럼도 심리 쪽을 다루고 있지만 상담 수업이 굉장히 많이 열리고 있습니다 더불어 종류가 굉장히 많기 때문에 다양한 분야로 빠질 수 있기 때문에 추천 드립니다,종교 재단에 의해 세워진 학교이기 때문에 몇 가지 제한되는 부분이 있습니다 종교 행사나 종교 휴일에 학교 시설 중 일부를 이용하지 못 한다는 것과 학식에 고기가 나오지 않는 것 등등이 있습니다,그래도 재단 자체에서 돈은 무지막지하게 학생들에게 지원을 해주는 편이기 때문에 보수적인 부분들을 제외한다면 만족합니다,발전 한다
추천,2020.05.01,비공개,물리치료학과,이쪽으로 생각이 있다면 와서 나쁠 것 없다,3,4,4,3,3,5,일단 오면 취업 걱정은 커리큘럼만 잘 따라가고 학점만 잘 받는다면 걱정 없다고 생각하면 됨 학과도 군기 없고 서로 화목하고 한 반처럼 잘 지낸다고 생각하면 되고 교수님도 괜찮으심 빡빡한분이 별로 없음,뒤에 사자 붙는 직업 되기가 정말 힘들구나 라는게 느껴질 거임 학교 커리큘럼 진짜 빡심 하지만 빡 셀 수 밖에 사람을 치료하는데 대충 마무리 하고 할 수는 없으니까,딱히 학교에서 지원 같은거 잘해주고 학과에 하자도 없어서 확과에 바랄만한 점은 딱히 없는 것 같음,퇴보 한다
추천,2020.05.01,18,유아교육과,삼육대 유교과는 나름 알아주는 곳이니,4,5,5,4,4,4,삼육대 유교과는 나름 알아 주는 거 다 알고 있을거라 생각함 커리큘럼 교수진 절대 문제없고 취업 걱정도 다른 과에 비해서 진로가 정해져 있기 때문에 없는 편임 과 분위기는 언급 안 해도 다 요즘은 좋으니까 그럼 나머지는 학교 인프라 인데 일단 캠퍼스가 진짜 이쁘고 환경 친화적 이라 소풍하기에도 좋음 주변 인프라도 괜찮은 편 있을 거 다 있음,귀찮은데 있다면 종교 학교 이다 보니 들어야 하는 채플 교양이 있는데 가끔씩 명사분 오셔서 좋은 강의해주시는거 들으면 좋을 때도 있는데 지루한 수업도 약간 있어서 그랟 여기 들어오는거는 이거 다 감수하고 들어오는 거니까 괜찮음,진짜 만족하면서 다니고 있음 별점 5점 안준거는 5점주면 너무 훌리라고 생각할까봐 4점대 준거,발전 한다
추천,2020.05.01,17,화학생명과학과,학문에 대한 뜻을 펼치기에 부족한 것 없는 곳,2,4,4,4,4,4,알다시피 자연 과학 대학 소속이니 학문에 대한 열정 없이 취없만 보고 왔다면 뒷걸음질 쳐야 하는 곳이다 순수 과학은 국가 발전에 굉장히 중요하지만 우리나라에서는 공대를 더 선호한다 다만 진정으로 학사 마치고 상휘 대학 대학원 가서 학문에 대한 뜻을 펼쳐보고 싶다 하면 여기도 나쁜 것은 아니라 생각한다 충분히 이곳 교수님들 괜찮고 커리큘럽 훌륭하다 생각한다   ,그럼 이제 단점이라 하면 종교 학교라는 것인데 종교를 강요하는 것은 아니지만 종교에 의해 학교가 제약이 걸리는 것이 조금 있고 교양을 들어햐 하는 정도 뭐 그렇게 심한 것은 아니니 걱정할 필요는 없다,자연 과학 대학은 성적 맞춰서 오는 곳이 아니라 진짜 학문에 생각있는 친구들이 와서 함께 학문에 대한 뜻을 써내려 갔으면 좋겠다,발전 한다
추천,2020.05.01,18,상담심리학과,학문 자체로 매력이 있지만 전공을 살리고 싶으면 정말 많이 노력이 필요함,3,4,5,4,3,5,학문 자체로 매력이 있으며 그것을 가르치는 교수님들 또한 정말 매력 넘치시고 훌륭하신 분들임 교직 이수의 기회도 열려 있음 포트폴리오를 위한 비교과 프로그램이 굉장히 많이 있음 학과 학술동아리도 굉장히 잘 되어 있고 과분위기도 상당히 좋음,심리나 상담 전공 두 분야 모두 전공을 살려 직업을 가지고 싶다면 정말 많은 노력이 필요하며 대학원도 생각을 해보아야함 대학원 생각이 필요 없다면 취업을 위해 다른 과로 복전을 생각해보아야 할 필요가 있음,딱히 학과 학교 나는 둘 다 만족하고 있기 때문에 바랄만한 점이 없음 심리 상담쪽은 어느 학교 학과를 가던 정말 흥미롭고 재미있게 배울 수 있는 학문임,발전 한다
추천,2020.05.0118,18,유아교육과,진짜 행복하게 대학 생활 하고 있는 곳입니다,4,4,5,4,4,4,우리 학교 유아 교육과의 인지도에 대해서 가장 궁금해 할 것 같은데 일단 결론부터 말하면 주관적이긴 하지만 좋다고 자신 있게 말할 수 있어요 최근에 임용 수석도 나오고 인 서울 4년제 대학 중 애초에 유아교육과가 몇 없기도 하고 취업도 잘 되는 것 보면 다 이유가 있지 않을까요 학교 다니면서 정말 행복하게 대학생활 하고 있고 지금의 제 삶에 굉장히 만족하고 있어요,저는 딱 한가지 제가 사는 곳이랑 이곳이 멀다는 점 근데 이거는 상대적인 단점이이기 때문에 사실 적을게 없어서 적었습니다 진짜 오시면 만족하실 거에요 추가로 종교 학교 이거 정말 신경 안 쓰셔도 돼요 요즘 시대가 어느 시대인데요,정말 오시면 행복하게 대학생활 하실 수 있으실 꺼에요 유교 쪽으로 생각하신다면 추천드리고 싶어요,발전 한다
추천,2020.05.27,18,동물생명자원학과,생각보다 더 좋은 확과였음 그냥저냥 쏘쏘 열심히 하면됨,4,3,3,3,3,3,삼육대가 종교 강요가 좀 심하다는데 저희 과는 그런거 전혀 없었습니다 그리고 시험도 그렇게 부담이 안됨 교수님들이 찝어주시면 그냥 그거 다 외우면 되는거 개꿀 학과분위기도 나름 쏘쏘,생각보가 전공이 살짝 어렵고 빡셈 그래서 좀 힘들긴 한데 열심히 버티면 길이 보일 것임 그리고 문과생들 여기 교차지우너해서 올거면 생명과학 공부 기본적으로 하고 오셈 아님 이하생략,그닥 없긴한데 수업에서 얻어가는건 크네 없는 듯 그리고 뭐 본인이 알아서 하면 되니까,유지 한다
추천,2020.05.27,17,아트앤디자인학과,진짜 다양하게 예술관련 수업이나 실습하고 싶음 오세영,4,4,4,3,4,2,시간강사들은 열정있게 정말 수업퀄 괜찮게 수업해주심 그리고 인원이 많고 회화랑 디자인을 같이해서 다양한 방면으로 공부 할 수 있음 금속공예 패션 일러 등등 진짜 다양함 길이 정해져 있는게 아니라 좋음,정교수들은 좀 별로인듯 진짜 구시대에 머무르고 최신경향이 없고 늙은 감각이라해야하나 너무 욕해서 죄송한데 사실임 그리고 다양한 방변에 커리가 좋지는 않음,학생들에게 방임을 시키는 만큼 뭔가 지원하는게 크게 없고 커리큘럼이 그렇게 안좋다 좀 체계적이면 좋겠는디,발전 한다
추천,2020.05.27,18,화학생명과학과,선후배 관계가 갠춘하고 수업 나음 쏘쏘 취업률도 좋고 뭐 갠춘한과,4,4,3,3,3,3,생명이랑 화학중에 선택해서 들어도 되니까 다양해서 고건 좀 그나마 괜춘 그리고 동기들이랑 다니는데 편하게 잘 다니고 선후배 관계도 좋음 군기도 없고 하지만 꼰대는 뭐 어디든 있기마련,솔직히 교수님들이 잘 가르치는지 좋은지는 잘 모르겠음 아는건 당연히 교수님이니까 많은거 같은데 가르치시는건 흠 전공이니까 흥미 없으면 오지마세요 진짜 노잼이 될 수도 있음,그렇게 불만으로 다닌것은 없으나 관심있는 전공자들도 심드렁하게 만들어주는 심드렁한 수업 다양화가없다,유지 한다
비추천,2020.07.06,20,동물생명자원학과,배우는거 재밌고 자유롭고 음음 생각보다 좋은 학과,4,3,3,3,4,4,커리큘럼은 특수 전공이 재미있을 것 같아서 여기 왔는데 수업이 재밌는게 좀 있는 것 같음 야생조류학이런거 그리고 전필이 정해진게 아니라서 수업 선택에 있어서 좀 자유로운 느낌 교수님들도 좋음,생각보다 전공이 살짝 어렵고 빡세서 조금 힘들긴 한데 열심히하면 잘 될 것 선배들 보니까 열심히 하면 다들 잘 가더라고 그리고 문과생들 교차지원하면 좀 힘들어함 공부좀 따로 하고 와햐 할 듯,난 진짜 바라는거 없다 학교 총학이랑 운영진이 별로인 것 빼고는 학과는 사랑합니다,유지 한다
추천,2020.07.06,17,유아교육과,숲교육 제대로 배울 수 있는 삼육대 유교과,4,4,3,3,4,3,유교과는 삼육대가 좋은 것 같음 숲교육도 잘알아갈 수 있고 학교 환경도 너무 이쁘고 숲도 가깝고 거릐 소풍온 느낌 학과생들도 다들 좋음 여초이긴 한데 다들 좋음,교수님들이 대체적으로 좋긴 한데 몇몇 교수님들은 빡세다고 하는 교수님들도 있긴함 근데 사실 제대로 수업해주시니까 빡세다고 나는 생각 고로 제대로 배우려면 빡세다고 소문난거 듣는것 추천,뭐 딱히 없는 것 같음 학교한테 뭘 바란게 없었던 것 같은데 그냥 장학금이나 팍팍 좀 주세요,유지 한다
추천,2020.07.06,20,물리치료학과,삼육대 물치과는 취업도 잘되고 수업도 좋습니당,4,3,4,4,3,4,다른과는 모르겠지만 물치과는 학과 분위기도 좋고 교수님들도 다들 좋으심 짱짱 다들 진짜 열심히 가르쳐주시려고 하셔서 문과라 못따라갈까 고민하는 사람 많은데 일단 들어와보고 고민해도 될 듯 나도 따라갔음 취업률도 좋은편,커리큘럼 수업과정이 너무 빡센 것 같음 공부할 때 정말 힘들다 그리도 다들 다양하게 열심히 노력하는 애들이 많아서 학점 따기 힘든 것 같음 그리고 학교가 종교강요랑 차별이 좀 있는 것 같음,학과자체는 바라는게 없습니다 짱짱 다 만들어놓은 밥상에다가 열심히 내가 먹기만 하면됨 다같이 나눠먹어서 내가 더 열심히 먹어야 하지만,유지 한다
추천,2020.07.28,18,화학생명과학과,중간고사 없애고 중간대체과제로 전체 요약 약 20장 중간고사 분량인 말만 쪽지시험인 쪽지시험,2,2,2,1,1,2,몇몇 교수님은 너무 좋다 대학수업같은 수업이 가끔 이다 열정을 가진 교수님이 간혹 계셔서 그 수업은 반드시 들어야 한다 나쁜 교수님은 없다 다 따로 놀아서 아싸여도 충분히 잘 지낼 수 있다 남녀비율이 적당하다 술 강요 하거나 모임 참여를 강제하는 않는다,일단 너무 따로 논다 단합도 안되고 행사참여도 하는 학생들만 한다 교수화 학생의 커뮤니케이션이 그닥 원활하지 않다 매년 똑같은 내용을 가르치는 교수나 꼰대교수나 기억력이 안좋은 교수가 많다 종교에 관한내용 말할때마다 때리고 싶다 니들이 믿는 종교 니들만 믿으라고 말하고 싶다,교수를 갈아엎어야 한다 기억력이 떨어지고 꼰대교수는 좌천시켜야 한다 학회비도 잘써야한다 내가 낸 것에 비해 딱히 받은게 없다,퇴보 한다
추천,2020.07.29,비공개,상담심리학과,생각했던 것 보다 더 괜찮음 오히려 아주 좋음,5,4,3,1,2,5,"전공은 정말 재미있고 지루하지 않음 오히려 흥미진진하고 재미있음 상심 교수님들은 거의 다 좋은 교수님들임 학과장교수님도 정말 자상하시고 강의력부터 유머까지 끝판왕임 너무 좋음 연세 있으신 어떤 교수님은 지루하고 졸리지만 그분도 정말 자상하시고 좋은 교수님임 상담이 붙지만 일반 심리학 전공 수업도 정말 많이 개설되어 있음 상담 수업도 많은 편 고학년때 실습 많이 함 경험도 쌓고 괜찮음 자격증이나 상담이나 심리 관련 행사가 자주 올라옴 군기없음 학과건물 다니엘관, 국제교육관 멋있음 고양이 많아 귀여움",학과에서 단점은 모르겠고 학교 단점은 많음 이놈의 학교는 학식에 고기가 안나옴 재학생 절대 다수가 스다가 아닌데 절대다수를 무시하고 소수의 스다만을 위한 학식 난 담배 안펴서 해당사항 헚지만 흡연자는 후문 사유언까지 가야 흡연 가능 채플 7학기 동안 채플 의무적으로 이수 근데 채플은 타 종교학교들 연대 숭실대 명지대 이화여대 등 도 많이 하고 무엇보다 종교 빨고 그러는 채플보다는 인생이나 미래 직업에 관한 좋은 이야기 많이 해주기도 함 걍 4학기로 줄여주면 정말 불만 없을 듯 기독굑계 미션 스쿨이니 채플 종교수업 다 이해함 그렇지만 종교수업은 얻어가는 것도 없고 재미도 없고 정말 시간낭비인게 팩트 이런걸 4학기 이수라는게 너무 마음에 들지 않음 한성 서경과 함께 한서삼 인서울 최하위 인서울 마지노선 이단 종교재단 등 여러 좋지않은 꼬리표를 많이 달고 있는 인식도 최악임 과소평가와 후려치기가 너무 심하고 재학생들 마저도 자기 학교를 너무 후려침 심리학과에서 취업을 바라는건 너무 큰 욕심이라고 생각함 게다가 전공 살리려면 학사로는 더더욱 안되고 대학원 무조건 필수 욕나오는 학사 행정 어느 학교든 학사행정은 욕 나오니 말을 아끼겠음,학과에는 딱히 없음 학교에는 학식에 고기를 좀 달라 학생들은 고기를 간절히 원한다 채플 4학기로 줄여주고 그것만 해줘도 학생들의 만족도는 급상승한다,유지 한다
비추천,2020.07.30,17,경영학과,"종교적인 색체가 강하고 강요아닌 강요도 어느정도 있지만 대부분의 학생, 교수들은 괜찮음",4,3,4,2,2,4,좋은 교수님들 만나면 내가 고등교육을 받는다는게 느껴진다. 수업도 깔끔하면서 명쾌한 설명이 눈과 귀로 쏙쏙 들어옴 이번 년도에는 코로나19로 사이버 강의를 했는데 잘가르치시는 분들은 영상이 조금은 미흡해고 수업용 PPT가 잘 정리되어 있어서 공부하기 편하다 선배들과의 교류도 완만하다,반면 그렇지 않은 교수님들은 수업하는데 듣는 내가 답답하고 불편한 감이 있으며 혼자 독학하는 느낌이 들기도 한다. 또한 코로나로 길어지면서 어느 학과나 마찬가지겠지만 새내기는 물론 타 학년들까지 수직 수평적 교류가 확연히 줄었다,20년도부터 모든게 많이 위축되었는데 빨리 이전의 모습으로 돌아가 모든면에서정상적이고 활발한 생활이 되었으면 한다,유지 한다
비추천,2020.10.14,19,영어영문학부,개나고나 다 하는 영어 전공해서 뭐하냐 다른거 해라,2,4,3,4,4,2,학교 자체는 뭐 옛날보다 인지가 높아졌다고는 하는데 일단 내부적으로도 문제가 많음. 일처리고 잘 안되고 융통성도 없고 교직원들은 대체 어떻게 하면 되는 거임?,영어영문학과 나와서 뭐할라고 어학계열은 진짜 답이 없음 여기 안나와도 다들 영어공부 따로 하면서 잘함 복수전공을 하면 했지 영어영문 자체는 진짜 답이 없는 학과라고 생각함,딱히 바라는 것도 없음 그냥 애정도 없고 학교에 대해서 애정도 없고 학과 애정도 없다,퇴보 한다
추천,2020.10.15,18,동물생명자원학과,그냥저냥 무난무난한 학과다 고양이 귀엽당 ㅎㅎ,4,4,3,4,4,4,우리과는 종교강요 이런거 절대 없음. 그리고 시험은 교수님이 찝어주심 ㅋㅋ 그거 전날밤에 외우면 만점 ㅆㄱㄴ 개꿀임. 후후 그래도 전공은 어렵긴 한 것 같다~문과애들도 올 수 있음.,생각보다 전공이 조금..살짝 어렵고 빡세긴 한 것 같음 뭐 더 열심히 해야쥬 그리고 문과애들도 올 수 있는 학과인데 교차지원해서 오려면 공부 기본적으로 하고 와야됨 아니면 못따라감 내 친구가 그럼 ㅎ,딱히 바라는건 없는 듯 생각을 안해봤따 ..ㅎ..ㅎㅎ 모르겠어요~,유지 한다
추천,2020.10.15,20,동물생명자원학과,학과 수업짱잼 동물 좋아하면 와서 수업들으세용,4,4,4,4,4,4,학교가 개인적으로 넓고 옆에 산이 있어서 좋음 ㅋㅋ 그리고 교수님들 매우 좋으심 수업도 재밌고 흥미있게 잘 하시는 듯? 여기는 특수정공이 있어서 재밌음 야생조류학이랑 독성학 같은거 그리고 전공선택자유도가 높은 편임.,딱히 아직 단점이 생각이 안난당 다들 동물 좋아하는 애들끼리 와서 군기도 없고 애들끼리 착하게 잘 지내고 교수님들도 열정맨이고 ㄹㅇ 없다 할말이 없다 ㅊ우기 힘들다,없어요 진짜 학교나 다니게 해주세요,발전 한다
추천,2020.10.17,17,유아교육과,난 울학교 좋은딩 채플은 귀찮은데 ㅇㅇ 학과도 좋고,4,4,3,4,4,4,유교과 올거면 삼육대 좋음 숲교육도 잘 알아갈 수 있고 학교 환경도 너무 이쁘고 숲도 가까워서 공강 시간 잘쓰면 거의 소풍느낌ㅋㅋㅋ 그리고 나는 여기서 채식주의자 됨 개꿀임. 채식 짱짱.,다들 빡세다고 하고 하는 교수님들 있다고 투덜대는데 나는 그게 제대로 수업해주시는거라고 생각하고 안빡세게 공부할거면 대학교는 뭐하러 왔나 싶음 ㅋㅋ 그냥 반대로 애들이 거르는거 들어라.,딱히 바라는건 없는 것 같네여 학교 생황 나름 잘 해서 ㅋㅋ 잘 적응하고 ㅎㅎ 굿굿입니다.,유지 한다
추천,2020.10.18,20,화학생명과학과,그럭저럭 괜찮고 괜찮고 괜찮은 학과인것 같음.,4,4,3,4,4,4,선후배 관계 매우 좋다고 한다 하지만 제대로 교류한적은 없다. 그리고 다들 공부 열심히 하는 분위기인것 같음. 그리고 나도 공부가 재밌다고 생각해서 열심히 함. 학교 다니면 분위기 좋을 거 같음.,"나도 학교가 좋은지 나쁜지 학과가 나쁜지 좋은지 알고싶다,,ㅎㅎㅎㅎ,,,코로나 세대라서 학교는 제대로 가보지도 못했넹,,,,,교수님들이 인터넷이라 그런지 잘 가르치시는지 모르겠음",…학교를 안가봐서 모르겠어요…..동기들이랑 캠퍼스 라이프 즐기고 싶다 진짜루다가….,유지 한다
추천,2020.10.18,20,물리치료학과,학과 분위기는 좋다좋아~~~~~~,4,4,3,4,4,4,다른과는 모르겠지만 물치과는 학과 내 분위기 좋은 편임 ㅎㅎ 그리고 교수님들도 다 좋으심 열심히 가르쳐 주시려고 하시고 문과애들도 따라갈 만큼 교수님들이 노력해주심! 취업률도 약학간호 다음으로 잘됨.,"학과 과정이 좀 빡세긴 한듯,,나는 코로나세대라서 학교를 제대로 안다녀봐서 실질적인 단점을 잘 모르겠지만..음..그리고 종교강요가 조금 있긴 한 것 같음 종교인들에 대한 차별이 좀 있다곤 들음",그닥 없는 것 같음 학교 더 다녀보고 나서 생각해보겠습니다이 ㅎㅎ ㅠ,유지 한다
추천,2021.02.10,19,물리치료학과,고민 많이 하고 들어오세요. 전공 살리기 좋은 학과!,4,4,3,2,2,4,취업이 잘된다는 장점이 있다. 교수님들이 다들 열정적으로 가르시고 좋으시다. 교내 금연이라 학교 안에서 담배냄새가 나지 않는다. 학교가 이쁘다. 학과 군기 이런거 없고 선후배들끼리 잘 지낸다.,그냥 병원 취업은 잘되지만 대학병원이나 종합병원같은 큰 병원은 가기 힘들다. 학과 커리큘럼이 매우 빡세다. 전공 때문에 교양 계절 학기는 거의 필수적. 배우는 양이 엄청 많음. 1학년때는 문과생들 살짝 힘들 수 있다. 학교 근처 음식점이 별루 없음. 채플 4학년 1학기까지 필수적.                ,삼육대 물리치료학과만의 메리트를 만들어주면 좋겠다. 학과 시간표 조정 및 필수교양 조정해주면 좋겠음. 필수 채플도 줄이고 학식도 맛있게..?! 장학금 제도도 더 개선해주면 좋겠음,유지 한다
비추천,2021.02.15,15,영어영문학부,솔직히 능력만 된다면 떠나라고 말해주고 싶다 영어 열심히 하세요,2,3,2,1,1,4,영어커뮤니케이션이랑 영문학부로 나누어지기 때문에 실용적인 영어를 배울 수 있다. 영커를 전공하면 교수님들도 다 외국인이라 세미 유학온 느낌도 난다 물론 강의 능력은 상이하지만 일단 영어로 쉅하는 자체가 도움이 많이 됨 ,인식이 너무 안좋다. 솔직히 과에 잘하는 애들 보면 진짜 잘하는 애들도 있는데 편입으로 많이 빠지고 학교 인식은 안좋고 그런거땜에 괴로웠다. 애들도 수준 차이도 심하다. 어떻게 여기 들어왔을까? 싶은 애들도 보여서 학교를 뜨고 싶은 충동이 자주 듬 그리고 학교 주변에 아무것도 없음,학과는 괜찮은데 학교 인식이 넘 안좋은건 언제쯤 바뀔까 싶네요 그리고 학교주변에 너무 아무것도 없어요 교통도 그렇고 상권도 거의 발달 안되어 있어서 너무 학교 다니기가 심심한것같아요ㅠㅠ,유지 한다
비추천,2022.01.15,21,경영학과,"교수님도 좋고 취업은 무난하지만, 많은 학생들 사이 연대감 부족한 경영학과",3,4,2,1,5,3,"1. 다양하고 큰 금액의 등록금 지원
2. 방대한 경영커리큘럼이지만 구체화된 강의 많음
3. 열심히만 하면 교수진들이 학점 잘 줌","1. 미션스쿨 특성상 강제로 '채플' 이수해야함
2. 학교주위 상권 크게 발달하지 않음
3. 지하철역에서 멀리 떨어짐
4. 학생들 사이 분쟁 많음",채플' 과목을 강제로 이수하게 하기 보다는 선택형으로 전환 필요,발전 한다
추천,2022.01.15,19,아트앤디자인학과,그린캠퍼스라 조경이 예쁜게 다임,2,3,1,1,3,1,커리큘럽도 별로고 아웃풋도 없다. 비록 입시 경쟁률은 치열하지만 그렇게 고생해서 들어온만큼 값진 곳이 아니다. 차라리 다른데 갔으면 좋겠다. 그리고 학식에 고기가 없다. 이게 문제라기보단 4500원이나 하는 식원에 맞지 않는 구린 퀄리티다. 학교가 굉장히 보수적이라 학생들 말을 무시해서 나아질 기미가 보이지 않는다. 커리큘럼도 10년 전에 멈춰있다. 교재보면 알겠지만 정말…정말 구시대적이다.,"아웃풋이 별로다. 가장 취업 잘된 13학번 선배가 아직도 가끔 설 명회하러 온다....
그만큼 잘된 사람이 없다. 대학가가대학가답지 않게 뭐가 없다. 금요일 오후와 토요일은 그 놈의 안식일때문에 식당이 다 문을 닫는다. 학교 편의점도 마찬가 지이다. 삼각김밥과 라면, 과자도 고기가 든 제품은 팔지 않는다. 커피도 안판다…",커리큘럼이 개선되어야 한다고 생각한다. 지난 10년간 단한명의 교수도 논문을 제출하지 않았으며 커리큘럼또한 구시대에 머물러 있는 이 보수적인 환경은 하루빨리 개선되어야 한다고 생각한다.,퇴보 한다
추천,2022.01.16,19,사회복지학과,다양한 실습을 통해 성장해나갈 수 있는 사회복지학과,3,4,3,2,4,2,"평지이다, 금연 구역이며 깨끗하다, 장학금을 많이 주는 편이다, 졸업을 하고 나면 2급 자격증이 부여된다, 취업이 잘 되는 편이다, 셔틀 버스를 운행한다, 공기가 좋은 편이다, 뒤에 산이 있어 등산을 할 수 있다, 수면실이 있다, 충전기를 빌릴 수 있다.","학식에 돼지나 소 류의 고기가 없다, 지하철역이 멀어 접근성이 떨어진다, 등록금이 비싸다, 후문이 경기도에 있다, 우리 학과 건물이 멀리 있다, 팀플이 많다, 종교가 있다, 교수님과의 소통을 거의 하지 않는다, 노작이라는 과목을 꼭 수강해야 한다.","채플 강요가 힘들다, 팀플이 너무 많다.",유지 한다
추천,2022.01.16,20,아트앤디자인학과,"술, 담배, 고기가 금지지만 다양한 학문을 배울 수 있는 학과",3,3,4,4,2,2,"인 서울 디자인 계열이라 실력만 있으면 대기업 가는데 큰 어려움이 없다. 순수 미술과 디자인을 폭넓고 깊이 있게 배울 수 있다. 평지이며 기숙사를 제외한 시설은 좋은 편이다. 교내 술, 담배가 금지라 쾌적하다.","학교에서 술, 담배가 금지다. 신학대 이미지가 매우 강하며 이단 종교라는 이미지가 있다. 학식에 고기가 안 나온다. 채플 수업이 필수다. 입결 대비 아웃풋이 별로라는 평가가 많다. 자퇴하는 학생들이 타 대학에 비해 많은 편이다.","종교 강요 풍습이 사라질 필요가 있다고 생각한다. 학교의 모토를 지키면서 재학생들의 술, 담배, 고기의 자유를 줄 수 있는 방법이 있을텐데 이를 실행하면 좋겠다.",유지 한다
추천,2022.01.18,비공개,보건관리학과,"종교강요가 다소 있고, 행정처리가 많이 늦는 편, 타학교에 비해 취업률이 낮은편",3,3,3,3,4,4,"1. 커리큘럼 자체는 좋은 편이다.(의무기록사 대신 보건교육사 자격증 취득에 힘을 쓰는 학과)
2. 교수님들이 친절하시다
3. 학교 자체가 자연과 더불어 있기 때문에 공기도 좋은편","1. 취업률 타 학교 동일 학과에 비해 저조한편
2. 의무기록사 자격증 취득을 위한 과정이 많이 힘들어짐.
3. 지방대와 다를 것 없는 원무과쪽 취업","종교적 강요를 최소화 시켜야 한다.
종교색이 짙은 대학교",유지 한다
비추천,2022.01.18,비공개,물리치료학과,"물리치료학과 중에는 좋은 학교에 속함.
해외에서도 좋은 학교로 인식되는 학과",4,4,5,4,4,1,"과에 군기가 전혀 없다. 일단 여기 과에는 종교 강요가 전혀 없다. 학과 분위기도 좋고 교수님들도 다들 너무 좋으시다. 취업률 약학, 간호 다음으로 높은 편에 속한다.",인서울 끝자락에 있다. 근처 상권에 놀거리가 없다. 총학생회랑 학교 운영진이 정말 별로다. 일처리가 정말 말이 안나온다. 교직원들의 일처리도 답답하다.,교직원들의 행정태도 개선,발전 한다
비추천,2022.01.18,21,간호학과,취업과 진로에 대한 부담이 없는 간호학과,4,4,5,3,5,3,"학교에 장학금 제도가 잘 되어있어서 노력하면 얼마든지 받을 수 있다. 캠퍼스도 크고 제법 잘 꾸며놔서 산책하기 좋다. 학교 자체의 장점은 많지 않지만, 학과는 장점이 있다. 간호학과는 취업도 잘되고 교직이수나 보건쪽으로도 나아갈 수 있어서 진로에 대한 메리트가 있다. 취업률이 정말 높고 못해도 서울에 삼육병원은 갈 수 있을 정도이다.","신학대 이미지가 매우 강하고 종교전형이 모든 과에 있기 때문에 종교만 믿는다면 낮은 점수로도 약대에 지원 가능한 학교이다. 간호학과가 아닌 타학과는 생각보다 많은 학생들이 학사를 가리거나 편입을 하거나 대학원으로 학력세탁을 하기도 한다. 교수채용 조건에 침례 3년 이상을 조건으로 내걸기도 하며 교수님들 중에 자질이 없는 사람도 여럿 보인다. 학식에 육류가 불가하고 교내 어디든 술, 담배 불가, 기숙사 전인의무교육, 채플수업필수, 종교수업까지 들어야 하는 것은 대학같지 않다고 느껴질만 하다.",아무리 기독교 학교라지만 기독교가 아닌 타종교나 무교인 학생들한테 무리한 종교적 강압은 좋지 않다고 본다.,발전 한다
추천,2022.01.18,21,경영학과,학교와 학과를 향한 애교심 사라지게 만드는 문화와 교수진을 가진 경영학과,1,1,1,1,1,1,"1. 각자 알아서 다니다.
2. 학점 얻기 쉽다.
3. 운동장이 넓다.","1. 교수진의 강의퀄리티가 매우 낮다.
2. 동기들끼리의 관계가 서먹하다.
3. 새내기환영회 참석 모하면 학과에서 혼자 다니게 된다.
4. 교통이 불편하다.",교수진 강의퀄리티 조사 필요. 새내기환영회 외 다양한 프로그램 개설 필요.,유지 한다
추천,2022.02.14,비공개,경영학과,대학교 내 지원금은 많지만 동문커뮤니티가 활성화가 안되어 있는 경영학과,3,4,2,3,4,4,재단에 돈이 많아 지원금을 많이 준다. 교수님들이 열정적이다. 종교를 믿는다면 지원이 좋고 해외연수를 많이 보내준다. 취업관련 지원이 매우 많다.,"동문회커뮤니티가 활성화 되어 있지 않아서 정보를 얻기 힘들다. 은행권, 대기업 취업소식 들어본적없고 잘가야 중견이나 대부분 중소기업으로 간다. 학교가 종교때문에 흡연, 음주등 자유롭지 못한다.",동문회와 선후배관계가 없는 것 같아 이를 위한 학생회의 대책이 필요하다.,퇴보 한다
추천,2022.02.28,비공개,아트앤디자인학과,다른 학교에 비해 편의시설이 좋으나 취업은 완전 열심히 해야 가능성이 있는 아트앤디자인학과,3,4,3,5,2,3,"학교 시설이 깨끗하다. 평지이다. 교내에 미용실이 있고 수면실, 안경점이 있다. 공부 못하는 친구들이 디자인과관련되서 오고 싶어하는 생각이 있다면 들어오기 아주 쉽다. 거의 성적을 안보는 편에 속한다. 종교가 있는 학생이라면 아주 잘 맞을 것 같은 학교이다.","지방 전문대보다 학교 시설이 좋지 않은 것 같다. 취업 지원이 없으며 오로지 사이비 성격과 채식이 같이 존재한다. 수업건물이 창고로 쓰일 법한 벽돌건물 아디관, 농기구 보관창고같은 컨테이너 개조건물 디자인관이다. 과 시설이 동네 초등학교 보다도 못한 느낌을 받는다. 수업의 질이 높지 않다. 대학교 4년을 다니면서 대기업 취업소식을 한번도 듣지 못했다. 선배들 중에서 취업 설명회 하러 오시는 것을 본적이 있으나 10명중에 한명 잘될까 말까 하다. 종교과목을 의무적으로 들어야 한다는게 학생들의 스트레스 이다.",종교과목 의무적 보완,퇴보 한다
비추천,2022.03.11,비공개,간호학과,공부에 집중하기 정말 좋은 환경을 갖춘 간호학과,4,4,4,4,4,4,"1. 다들 공부를 열심히 해서 분위기가 좋다.
2. 동기들이 성격이 다 좋다.
3. 선후배를 각각 다 지정해줘서 적응하기가 쉽다.
4. 실습 환경이 잘 조성되어 있다.","1. 학점 따기가 쉽지 않다.
2. 학과 정원이 많아서 끼리끼리 논다.
3. 군기가 아직도 남아있다.
4. 과 동아리를 하지 않는 이상 교류가 어렵다.",과 특성상 여자가 많아서 서로 헐뜯는 문화가 사라졌음 좋겠다.,발전 한다
추천,2022.03.19,19,아트앤디자인학과,예술과 디자인의 경계 그 어딘가..하지만 비전은 꽤 보일지도,4,4,5,4,3,4,"다양한 과목 디자인과 미술을 같이 들을 수 있다.
아직 갈피를 잡지 못한 대학생이라면 수업을 들으면서 자신의 진로를 결정하기도 함.
실력있는 교수님들도 꽤 계심 수업 듣다보면 얻어 가는게 있다. 비대면이라는 점이 굉장히 아쉽다..","다만…학과 특성상(디자인+미술) 경계선이 확실하지 않고 어중이떠중이처럼 배우는 느낌이 조금 들 수 있음..실력 없는 교수도 있으며 수업 날로 먹는 교수도 있음(근데 이건 어느 학교나…있을법하다)
디자인관과 아트앤디자인관이 있는데 둘 다 건물이 높지 않고 조금 노후 됐다!
리모델링을 조금 해서 1층은 괜찮음","많이 좋아졌지만…그래도 조금 더 수업의 질을 높여줬으면 하는 바람이 있습니다.
과를 합쳐버린 나머지 들어야 하는 전공 과목수가(본인 디자인)많이 줄어서 좀 더 늘려줬으면 좋겠다.",유지 한다
비추천,2022.03.19,비공개,경영학과,종교색 짙고..인서울이 아닌 듯한 인서울,3,4,3,4,2,2,"캠퍼스가 예쁩니다!
인서울대하 치고는 성적대가 그리 높지 않아서 편하게 인서울 가능합니다. 기숙사가 넓고 쾌적합니다. 서울 이곳저곳 놀러다니기 좋습니다. 인서울이지만 별내와 가까워 저렴하게 자취할 수 있습니다.","학식에 고기가 안 나오는 것도 그렇고 전반적으로 종교 강요 느낌을 받습니다.
교수진도 다 종교 출신들이고..
술에 관련해서 엄격한 게 솔직히 이해가 안갑니다.
술 먹고 기숙사 들어갈수도 있는거 아닌지 ㅋㅋ
인서울이지만 저는 차라리 지거국 갈 거 같습니다.",기숙사 규정 좀 풀어주셨으면,발전 한다
비추천,2022.03.20,비공개,간호학과,인서울 끝자락 보건계열에서 나름대로 입지를 잡고 있는 대학교,4,4,4,3,4,3,"보건계열 학과가 유명하고 캠퍼스 내부가 이쁘다.
재단이 나름 튼튼하다. 종교적특색이 있는 학교지만 점점 종교적 색채도 줄어들어서 종교에 대한 부담감이 적다. 장학제도가 잘 되어있어서 열심히 공부하면 사실상 등록금을 내지 않고 다닐 수 있다. 금연금주학교라서 학교내에서 담배냄새가 안나는게 좋다. 상위권안에 들면 보건교사 교직이수를 할 수 있다. 취업도 잘 되고 빅5 병원에 가는 사람도 많다.","채플을 들어야한다. 금요일 학교 종교때문에 일찍 교내 시설이 운영을 종료한다는게 아쉽다. 고기를 좋아하고 야채를 싫어하는 학생이면 학식에 대한 불만이 높을것이다(채식만 나옴)
기숙사생은 알바를 못 하게 한다.",종교계열 대학교라 학교의 전체적인 학칙이나 부분들을 고치기에는 현실적으로 불가능할것이라는 판단된다. 따라서 금요일에 종교때문에 교내시설의 운영시간이 짧아진다는 점 대해서는 이것을 보완해서 운영시간을 더 늘려서 운영하도록 하는 것이 좋을 것 이라 생각된다. 학생복지 차원에서 긍정적으로 생각하면 좋을 것 같다.,유지 한다
추천,2022.04.30,22,항공관광외국어학부,항공관광외국어학부 리뷰이다. 신설학과라 아직 이곳에 있지 않아 일본어학과로 적게 되었다..,4,4,4,4,4,4,"일본어, 중국어, 영어 세가지 언어 모두를 배울 수 있다는 점에서는 정말 좋은 학과가 될 것 같다. 
또한 승무원을 원하는 분들에게도 좋은 학과가 될 것 같다. 또한 승무원을 원하는 분들에게도 좋은 학과가 될 것이라고 생각한다. 학교 안에서 흡연이 금지되고 넓고 쾌적한 캠퍼스를 즐길 수 있다는 점이 가장 큰 장점이라고 생각한다. 흔들의자나 테이블 등 캠퍼스 내의 생각보다 앉을 수 있는 곳들이 정말 많아서 날씨가 좋은 날에는 바람도 잘 불고 정말 좋다.","가장 큰 단점은 생각하기로 종교로 인한 학식 문제라고 생각한다. 
별로 그런 것에 대해 불편하다고 느껴본 적이 없는데 아무래도 고기 종류가 콩고기로 나오다 보니 손이 잘 가지 않게 된다. 생각보다 후문에 먹을 것이 없고, 매번 같은 식당만 가다보니 지겹다. 그리고 바울관 같은 경우 에어컨이 없는 강의실이 있다. 한여름에는 천장에 있는 선풍기로만 버텨야 한다. 학교에서 가장 오래된 건물이다 보니 에어컨이 따로 없어 너무 힘들고 불편하다...","바울관 강의실마다 에어컨 설치 부탁드립니다. 정말 여름에는 너무 덥고, 사람이 많으면 열기를 배출하려면 문을 열어야 하는데 한여름에 문을 열면 더움 바람만 불기 때문에 문 열기가 두렵습니다.",유지 한다
추천,2022.08.28,20,보건관리학과,보건계열에 흥미가 있다면 공부하기 좋아요-모두 열심히 합니다,4,4,4,4,4,4,"전공 공부를 하면서 여러가지 자격증을 취득할 수 있다(보건의료정보관리사, 보건교육사, 병원행정사, 위생사, 보험심사평가사 등)
교수님들께서 수업시간과 진로 과목 시간에 여러 취업분야에 대해서 설명을 해주신다. SW중독연계과정이 생겨 다양한 동아리, 실습 등을 신청할 수 있고 많은 지원을 받을 수 있다.
","20학번까지 보건의료정보관리사 자격증을 취득할 수 있다는 점이 아쉽다.
학과 동아리가 많지 않아 정보를 얻기 어렵다.",다양한 학과 동아리를 만들어 취업 등 정보를 공유할 수 있으면 좋겠습니다!,유지 한다
비추천,2023.11.21,비공개,간호학과,"교회 안의 간호학과
여기 올 성적이면 다른 대학가",2,3,1,1,2,1,"캠퍼스가 넓다 근데 4월쯤 되면 더 이상 장점이 아니게 된다
담배꽁초가 없다 
간호학과라 취업은 걱정없다
본인이 재림교회 신자라면 학교 생활이 무척 편할 것이다
반수의지를 북도아준다.
자퇴전에 후회를 눈꼽만큼도 없게해준다","다른 종교대학들에 비해 종교 필수과목이 너무 많고 짜증난다. 그냥 재림교회 내부에 설치된 재림교인 2세대들을 위한 대학같다
쓸데없는 노작교육이랑 mvp극혐 자대가 없어서 다른 수도권 자유대 대학들보가 경쟁력이 떨어진다
정문 주소만 인서울이고 후문은 경기도 남양주다
주변에 뭐 놀곳이 없다 아파트랑 나무밖에 없다 그래서 인서울이지만 인서울 아닌 뭔가 동떨어진 느낌이 든다 지하철역에서 매우 멀다 역에서 내린 후 계단 올라가서 버스타고 30분 이상은 가야한다 교회 안의 대학답게 도서관 문도 안 열 때가 많고 학식도 드럽게 맛없고 콩고기 나온다 교수들 죄다 종교인들이다 학교 안에서 치맥은 무슨 술 금지라 못 마신다. 재단 병원이 삼육서울병원이라고 동대문구에 있는데 타 대병들과 달리 3차가 아닌 2차병원이다. 실습지가 분산되어 있어서 이리저리 돌아다녀야 한다. 이름이 구리다 삼겹살에 육수도 아니고 재림교 삼육해서 재육대학교가 나을듯 아 고기금지니까 제육은 안되나
난 정시로 왔는데 여기 올 성적이면 자대있는 **대나***대가 훠어어얼씬 낫다 특히 인천경기에 있는 자대유 재단유면 말할것도 없고 원주에 있는 **대나 의대있는 같은 국립대병원이 다재인 지거국들이 진짜 백배천배만배 낫다. 여기는 본인이 안식교인이거나 노원구 주민이거나 하면 올 듯, 근데 이제 **대 의정부캠 생겼던데 노원구 살면 **대 의대캠갈듯, 인서울로망 갖고 여기 오면 바보된다 겨우 지하철 하나 타려고 정문에서 버스타고 30분 넘게 창밖 바라보면 현타 오지게 옴 나부 밖에 없어서ㅋㅋ 눈건강에 좋을 듯",다른 종교대학들 특히 가톨릭계열 대학들은 종교강요 없다는데 여긴 왜 이따구 인지. 이래서 사이비취급 받나봄 종교 관련 수업 좀 줄이고 학생들을 위한 학교가 되었으면 좋겠다 교회를 위한 학교가 아니라.,유지 한다
